0,1,0,0,0,-2439,1
0,1,1,0,0,-15000,1
0,2,1,0,0,-16665,1
0,2,2,0,0,-18301,1
0,3,2,0,0,-18454,1
0,4,2,0,0,-21495,1
0,5,2,0,0,-23937,1
0,6,2,0,0,-25654,1
0,7,2,0,0,-29456,1
0,7,3,0,0,-34791,1
0,7,4,0,0,-50589,1
0,8,4,0,0,-61385,1
0,9,4,0,0,-62029,1
0,9,5,0,0,-62665,1
0,10,5,1,0,-77977,1
0,10,6,0,0,-80856,1
0,11,6,0,0,-92018,1
0,12,6,0,0,-92729,1
0,13,6,0,0,-93320,1
0,14,6,0,0,-95134,1
0,14,7,0,0,-96114,1
0,14,8,0,0,-96618,1
0,15,8,0,0,-99635,1
0,16,8,0,0,-102237,1
0,17,8,0,0,-114166,1
0,18,8,0,0,-116347,1
0,18,9,0,0,-117000,1
0,18,10,0,0,-128976,1
0,19,10,0,0,-133926,1
0,20,10,1,0,-136271,1
0,20,11,0,0,-136776,1
0,21,11,0,0,-141408,1
0,21,12,0,0,-144773,1
0,22,12,0,0,-151192,1
0,23,12,0,0,-153330,1
0,24,12,0,0,-163819,1
0,25,12,0,0,-165691,1
0,25,13,0,0,-169070,1
0,25,14,0,0,-179494,1
0,25,15,0,0,-189665,1
0,26,15,0,0,-200726,1
0,27,15,0,0,-206846,1
0,27,16,0,0,-207846,1
0,27,17,0,0,-208512,1
0,28,17,0,0,-212234,1
0,29,17,0,0,-212795,1
0,29,18,0,0,-225049,1
0,30,18,1,0,-231204,1
0,31,18,0,0,-231944,1
0,32,18,0,0,-235847,1
0,33,18,0,0,-236637,1
0,34,18,0,0,-244882,1
0,34,19,0,0,-245910,1
0,35,19,0,0,-247890,1
0,35,20,0,0,-256105,1
0,36,20,0,0,-256380,1
0,36,21,0,0,-259994,1
0,37,21,0,0,-268252,1
0,37,22,0,0,-272873,1
0,38,22,0,0,-297724,1
0,38,23,0,0,-331732,1
0,39,23,0,0,-332731,1
0,39,24,0,0,-335225,1
0,40,24,1,0,-341170,1
0,41,24,0,0,-367028,1
0,41,25,0,0,-400841,1
0,41,26,0,0,-403438,1
0,42,26,0,0,-406058,1
0,43,26,0,0,-406619,1
0,44,26,0,0,-407639,1
0,44,27,0,0,-420837,1
0,45,27,0,0,-422122,1
0,46,27,0,0,-430336,1
0,46,28,0,0,-432612,1
0,47,28,0,0,-439627,1
0,48,28,0,0,-441364,1
0,48,29,0,0,-454386,1
0,49,29,0,0,-456502,1
0,49,30,0,0,-458129,1
0,50,30,1,0,-458788,1
0,50,31,0,0,-460463,1
0,51,31,0,0,-466256,1
0,52,31,0,0,-466754,1
0,53,31,0,0,-467276,1
0,54,31,0,0,-469757,1
0,54,32,0,0,-470671,1
0,55,32,0,0,-485805,1
0,55,33,0,0,-488422,1
0,56,33,0,0,-491331,1
0,56,34,0,0,-492308,1
0,57,34,0,0,-500112,1
0,58,34,0,0,-500871,1
0,59,34,0,0,-504945,1
0,60,34,1,0,-506272,1
0,60,35,0,0,-507233,1
0,61,35,0,0,-508259,1
0,62,35,0,0,-508546,1
0,63,35,0,0,-508720,1
0,63,36,0,0,-521627,1
0,64,36,0,0,-525142,1
0,64,37,0,0,-526517,1
0,64,38,0,0,-528854,1
0,65,38,0,0,-529447,1
0,65,39,0,0,-529627,1
0,65,40,0,0,-529805,1
0,66,40,0,0,-531883,1
0,66,41,0,0,-532503,1
0,67,41,0,0,-535152,1
0,67,42,0,0,-538960,1
0,67,43,0,0,-542412,1
0,68,43,0,0,-542934,1
0,69,43,0,0,-544038,1
0,70,43,1,0,-545097,1
0,70,44,0,0,-545847,1
0,71,44,0,0,-555471,1
0,72,44,0,0,-556062,1
0,73,44,0,0,-557826,1
0,74,44,0,0,-560461,1
0,75,44,0,0,-561251,1
0,76,44,0,0,-561713,1
0,77,44,0,0,-566363,1
0,77,45,0,0,-571690,1
0,77,46,0,0,-574809,1
0,78,46,0,0,-580584,1
0,79,46,0,0,-581196,1
0,79,47,0,0,-581842,1
0,80,47,1,0,-582534,1
0,81,47,0,0,-586079,1
0,81,48,0,0,-592161,1
0,81,49,0,0,-598481,1
0,82,49,0,0,-599271,1
0,82,50,0,0,-599855,1
0,83,50,0,0,-600643,1
0,84,50,0,0,-601105,1
0,85,50,0,0,-601764,1
0,85,51,0,0,-603749,1
0,86,51,0,0,-604439,1
0,87,51,0,0,-625864,1
0,88,51,0,0,-627132,1
0,89,51,0,0,-628029,1
0,90,51,1,0,-628819,1
0,91,51,0,0,-629281,1
0,92,51,0,0,-630907,1
0,92,52,0,0,-633186,1
0,93,52,0,0,-652053,1
0,93,53,0,0,-652769,1
0,94,53,0,0,-653231,1
0,94,54,0,0,-659773,1
0,95,54,0,0,-673122,1
0,95,55,0,0,-684924,1
0,96,55,0,0,-685635,1
0,97,55,0,0,-686226,1
0,97,56,0,0,-687865,1
0,97,57,0,0,-688617,1
0,97,58,0,0,-700184,1
0,98,58,0,0,-700873,1
0,99,58,0,0,-710950,1
0,99,59,0,0,-711634,1
0,99,60,0,0,-714954,1
0,99,61,0,1,-727312,1
0,100,61,0,0,-729456,1
0,101,61,0,0,-730218,1
0,101,62,0,0,-730056,1
0,102,62,0,0,-731144,1
0,102,63,0,0,-732117,1
0,102,64,0,0,-733429,1
0,103,64,0,0,-734088,1
0,103,65,0,0,-747418,1
0,104,65,0,0,-751606,1
0,105,65,0,0,-753752,1
0,105,66,0,0,-773979,1
0,106,66,0,0,-774346,1
0,107,66,0,0,-775773,1
0,108,66,0,0,-777849,1
0,108,67,0,0,-795331,1
0,108,68,0,0,-797517,1
0,108,69,0,0,-799120,1
0,109,69,1,0,-806612,1
0,110,69,0,0,-808170,1
0,110,70,0,0,-807703,1
0,110,71,0,0,-809522,1
0,111,71,0,0,-812426,1
0,112,71,0,0,-813949,1
0,112,72,0,0,-825165,1
0,112,73,0,0,-827449,1
0,113,73,0,0,-828026,1
0,114,73,0,0,-837815,1
0,114,74,0,0,-841599,1
0,115,74,0,0,-841966,1
0,115,75,0,0,-842439,1
0,116,75,0,0,-842901,1
0,117,75,0,0,-843560,1
0,117,76,0,0,-847466,1
0,117,77,0,0,-848359,1
0,117,78,0,0,-849671,1
0,118,78,0,0,-850152,1
0,118,79,0,1,-852870,1
0,119,79,0,0,-853378,1
0,119,80,0,0,-854126,1
0,119,81,0,0,-855601,1
0,120,81,0,0,-856892,1
0,120,82,0,0,-857485,1
0,120,83,0,0,-858851,1
0,121,83,0,0,-861807,1
0,121,84,0,0,-865687,1
0,121,85,0,0,-866415,1
0,122,85,0,0,-866653,1
0,122,86,0,0,-868352,1
0,122,87,0,0,-870533,1
0,122,88,0,0,-873531,1
0,122,89,0,1,-891561,1
0,123,89,0,0,-892023,1
0,124,89,0,0,-892682,1
0,124,90,0,0,-895671,1
0,125,90,0,0,-896328,1
0,125,91,0,0,-897161,1
0,126,91,0,0,-897820,1
0,127,91,0,0,-908987,1
0,128,91,0,0,-916903,1
0,128,92,0,0,-919428,1
0,128,93,0,0,-923166,1
0,128,94,0,0,-948316,1
0,128,95,0,0,-949002,1
0,129,95,0,0,-955406,1
0,130,95,0,0,-955999,1
0,130,96,0,0,-956179,1
0,131,96,0,0,-962095,1
0,132,96,1,0,-966560,1
0,133,96,0,0,-968007,1
0,134,96,0,0,-969487,1
0,135,96,0,0,-974550,1
0,136,96,0,0,-977414,1
0,136,97,0,0,-989513,1
0,136,98,0,0,-995120,1
0,136,99,0,0,-999912,1
0,137,99,0,0,-1006512,1
0,138,99,0,0,-1007223,1
0,139,99,0,0,-1007814,1
0,140,99,0,0,-1009335,1
0,141,99,0,0,-1018410,1
0,142,99,1,0,-1020562,1
0,143,99,0,0,-1023085,1
0,144,99,0,0,-1029069,1
0,144,100,0,0,-1031647,1
0,144,101,0,0,-1033026,1
0,145,101,0,0,-1034655,1
0,146,101,0,0,-1036677,1
0,147,101,0,0,-1038002,1
0,147,102,0,0,-1038959,1
0,148,102,0,0,-1040089,1
0,149,102,0,0,-1040939,1
0,150,102,0,0,-1050363,1
0,151,102,0,0,-1057199,1
0,152,102,1,0,-1059784,1
0,153,102,0,0,-1060495,1
0,154,102,0,0,-1061086,1
0,154,103,0,0,-1068350,1
0,155,103,0,0,-1070509,1
0,156,103,0,0,-1071299,1
0,157,103,0,0,-1071761,1
0,158,103,0,0,-1072420,1
0,159,103,0,0,-1074965,1
0,159,104,0,0,-1076261,1
0,159,105,0,0,-1077578,1
0,160,105,0,0,-1077779,1
0,160,106,0,0,-1080437,1
0,161,106,0,0,-1082633,1
0,161,107,0,0,-1083138,1
0,162,107,1,0,-1092715,1
0,163,107,0,0,-1095980,1
0,164,107,0,0,-1099343,1
0,164,108,0,0,-1102497,1
0,165,108,0,0,-1108889,1
0,166,108,0,0,-1111355,1
0,166,109,0,0,-1113837,1
0,167,109,0,0,-1126651,1
0,167,110,0,0,-1127920,1
0,167,111,0,0,-1129140,1
0,167,112,0,0,-1134642,1
0,168,112,0,0,-1135909,1
0,169,112,0,0,-1136568,1
0,169,113,0,0,-1137302,1
0,169,114,0,0,-1138143,1
0,169,115,0,0,-1138815,1
0,169,116,0,0,-1140527,1
0,169,117,0,1,-1143703,1
0,170,117,0,0,-1144659,1
0,171,117,0,0,-1152664,1
0,172,117,0,0,-1152982,1
0,173,117,0,0,-1153575,1
0,174,117,0,0,-1155106,1
0,175,117,0,0,-1160817,1
0,175,118,0,0,-1162037,1
0,176,118,0,0,-1163519,1
0,176,119,0,0,-1165638,1
0,176,120,0,0,-1166402,1
0,177,120,0,0,-1174443,1
0,178,120,0,0,-1175034,1
0,179,120,1,0,-1175758,1
0,180,120,0,0,-1176351,1
0,181,120,0,0,-1193262,1
0,181,121,0,0,-1194823,1
0,181,122,0,0,-1197399,1
0,181,123,0,0,-1199119,1
0,181,124,0,0,-1201825,1
0,182,124,0,0,-1204207,1
0,182,125,0,0,-1205124,1
0,183,125,0,0,-1213854,1
0,184,125,0,0,-1215395,1
0,184,126,0,0,-1216387,1
0,185,126,0,0,-1221997,1
0,185,127,0,0,-1222759,1
0,186,127,0,0,-1223126,1
0,187,127,0,0,-1225775,1
0,188,127,0,0,-1226366,1
0,188,128,0,0,-1229669,1
0,189,128,1,0,-1232090,1
0,189,129,0,0,-1233630,1
0,190,129,0,0,-1233788,1
0,191,129,0,0,-1242448,1
0,191,130,0,0,-1242952,1
0,192,130,0,0,-1243545,1
0,192,131,0,0,-1256351,1
0,193,131,0,0,-1257651,1
0,194,131,0,0,-1261668,1
0,194,132,0,0,-1262172,1
0,195,132,0,0,-1262765,1
0,196,132,0,0,-1265274,1
0,197,132,0,0,-1266014,1
0,198,132,0,0,-1269967,1
0,199,132,1,0,-1272242,1
0,200,132,0,0,-1278616,1
0,201,132,0,0,-1280333,1
0,202,132,0,0,-1282222,1
0,203,132,0,0,-1282815,1
0,204,132,0,0,-1291974,1
0,205,132,0,0,-1294549,1
0,206,132,0,0,-1298378,1
0,206,133,0,0,-1299753,1
0,207,133,0,0,-1308805,1
0,208,133,0,0,-1309396,1
0,208,134,0,0,-1315419,1
0,209,134,1,0,-1318695,1
0,209,135,0,0,-1324312,1
0,209,136,0,0,-1325205,1
0,210,136,0,0,-1328252,1
0,210,137,0,0,-1333226,1
0,210,138,0,0,-1334083,1
0,210,139,0,0,-1335395,1
0,211,139,0,0,-1336054,1
0,211,140,0,0,-1337010,1
0,212,140,0,0,-1338624,1
0,212,141,0,0,-1341318,1
0,213,141,0,0,-1344573,1
0,213,142,0,0,-1345905,1
0,213,143,0,0,-1346663,1
0,213,144,0,1,-1348099,1
0,214,144,0,0,-1349246,1
0,215,144,0,0,-1349930,1
0,216,144,0,0,-1352887,1
0,217,144,0,0,-1354819,1
0,218,144,0,0,-1355734,1
0,218,145,0,0,-1357592,1
0,219,145,0,0,-1358670,1
0,220,145,0,0,-1359231,1
0,220,146,0,0,-1362171,1
0,220,147,0,0,-1363075,1
0,221,147,0,0,-1363865,1
0,222,147,0,0,-1364327,1
0,223,147,1,0,-1364986,1
0,224,147,0,0,-1369568,1
0,225,147,0,0,-1381334,1
0,225,148,0,0,-1382234,1
0,226,148,0,0,-1386357,1
0,226,149,0,0,-1387689,1
0,227,149,0,0,-1388280,1
0,228,149,0,0,-1399769,1
0,228,150,0,0,-1401591,1
0,228,151,0,0,-1403209,1
0,228,152,0,0,-1412886,1
0,228,153,0,0,-1415812,1
0,229,153,0,0,-1416334,1
0,229,154,0,0,-1416925,1
0,229,155,0,0,-1418135,1
0,230,155,0,0,-1419584,1
0,231,155,0,0,-1421038,1
0,232,155,0,0,-1422034,1
0,233,155,1,0,-1422644,1
0,234,155,0,0,-1423205,1
0,235,155,0,0,-1427468,1
0,235,156,0,0,-1428227,1
0,235,157,0,0,-1428799,1
0,235,158,0,0,-1431503,1
0,236,158,0,0,-1436568,1
0,236,159,0,0,-1439290,1
0,237,159,0,0,-1443325,1
0,238,159,0,0,-1446760,1
0,239,159,0,0,-1447638,1
0,239,160,0,0,-1450734,1
0,240,160,0,0,-1455414,1
0,241,160,0,0,-1469476,1
0,241,161,0,0,-1472161,1
0,242,161,0,0,-1474315,1
0,243,161,1,0,-1475432,1
0,243,162,0,0,-1481204,1
0,243,163,0,0,-1489717,1
0,244,163,0,0,-1505685,1
0,245,163,0,0,-1506147,1
0,246,163,0,0,-1506806,1
0,246,164,0,0,-1511023,1
0,247,164,0,0,-1512688,1
0,248,164,0,0,-1514939,1
0,249,164,0,0,-1519499,1
0,250,164,0,0,-1520771,1
0,251,164,0,0,-1524727,1
0,252,164,0,0,-1526841,1
0,253,164,1,0,-1529325,1
0,253,165,0,0,-1531723,1
0,253,166,0,0,-1533298,1
0,253,167,0,0,-1533894,1
0,254,167,0,0,-1534416,1
0,255,167,0,0,-1538063,1
0,255,168,0,0,-1539183,1
0,256,168,0,0,-1548734,1
0,256,169,0,0,-1549493,1
0,257,169,0,0,-1549955,1
0,258,169,0,0,-1550614,1
0,258,170,0,0,-1553120,1
0,258,171,0,0,-1557239,1
0,258,172,0,0,-1558043,1
0,259,172,0,0,-1558505,1
0,259,173,0,0,-1559748,1
0,259,174,0,1,-1566093,1
0,259,175,0,0,-1566851,1
0,259,176,0,0,-1571721,1
0,260,176,0,0,-1572183,1
0,261,176,0,0,-1572842,1
0,261,177,0,0,-1573995,1
0,262,177,0,0,-1574457,1
0,263,177,0,0,-1575116,1
0,263,178,0,0,-1576326,1
0,263,179,0,0,-1577738,1
0,264,179,0,0,-1581307,1
0,264,180,0,0,-1588797,1
0,264,181,0,0,-1590289,1
0,265,181,0,0,-1591635,1
0,266,181,0,0,-1592097,1
0,267,181,0,0,-1592756,1
0,268,181,0,0,-1595550,1
0,269,181,1,0,-1597688,1
0,270,181,0,0,-1599739,1
0,271,181,0,0,-1601589,1
0,272,181,0,0,-1604316,1
0,273,181,0,0,-1683456,1
0,273,182,0,0,-1686542,1
0,274,182,0,0,-1688938,1
0,275,182,0,0,-1691266,1
0,275,183,0,0,-1691862,1
0,276,183,0,0,-1692384,1
0,276,184,0,0,-1699429,1
0,276,185,0,0,-1699934,1
0,277,185,0,0,-1700527,1
0,277,186,0,0,-1710126,1
0,277,187,0,0,-1713129,1
0,277,188,0,0,-1714792,1
0,277,189,0,0,-1715591,1
0,277,190,0,0,-1801600,1
0,278,190,0,0,-1803029,1
0,279,190,1,0,-1804158,1
0,280,190,0,0,-1832683,1
0,281,190,0,0,-1833274,1
0,282,190,0,0,-1835691,1
0,282,191,0,0,-1838082,1
0,283,191,0,0,-1839313,1
0,283,192,0,0,-1843112,1
0,284,192,0,0,-1843992,1
0,284,193,0,0,-1845195,1
0,285,193,0,0,-1845822,1
0,286,193,0,0,-1846344,1
0,287,193,0,0,-1850795,1
0,287,194,0,0,-1863980,1
0,288,194,0,0,-1864502,1
0,289,194,1,0,-1865743,1
0,290,194,0,0,-1871070,1
0,290,195,0,0,-1871099,1
0,291,195,0,0,-1872573,1
0,291,196,0,0,-1874606,1
0,292,196,0,0,-1878615,1
0,292,197,0,0,-1880281,1
0,293,197,0,0,-1884860,1
0,294,197,0,0,-1885421,1
0,295,197,0,0,-1890008,1
0,295,198,0,0,-1896286,1
0,296,198,0,0,-1896879,1
0,297,198,0,0,-1899642,1
0,297,199,0,0,-1906852,1
0,298,199,0,0,-1908274,1
0,299,199,1,0,-1909662,1
0,300,199,0,0,-1918049,1
0,301,199,0,0,-1919444,1
0,302,199,0,0,-1920138,1
0,303,199,0,0,-1924143,1
0,304,199,0,0,-1925405,1
0,304,200,0,0,-1927217,1
0,305,200,0,0,-1928007,1
0,306,200,0,0,-1928469,1
0,306,201,0,0,-1935387,1
0,307,201,0,0,-1937947,1
0,308,201,0,0,-1940241,1
0,309,201,1,0,-1942142,1
0,309,202,0,0,-1946228,1
0,310,202,0,0,-1948962,1
0,311,202,0,0,-1954093,1
0,312,202,0,0,-1954555,1
0,313,202,0,0,-1955214,1
0,313,203,0,0,-1967464,1
0,313,204,0,0,-1967968,1
0,314,204,0,0,-1968561,1
0,315,204,0,0,-1970092,1
0,315,205,0,0,-1972660,1
0,315,206,0,0,-1973953,1
0,316,206,0,0,-1974522,1
0,317,206,0,0,-1975233,1
0,318,206,0,0,-1975824,1
0,318,207,0,0,-1979970,1
0,318,208,0,0,-1980566,1
0,319,208,1,0,-1981088,1
0,320,208,0,0,-1981649,1
0,320,209,0,0,-1983252,1
0,320,210,0,0,-1983756,1
0,321,210,0,0,-1984349,1
0,321,211,0,0,-1986167,1
0,322,211,0,0,-1987100,1
0,322,212,0,0,-1989370,1
0,322,213,0,0,-1996083,1
0,323,213,0,0,-2005335,1
0,323,214,0,0,-2041584,1
0,324,214,0,0,-2044230,1
0,324,215,0,0,-2050115,1
0,324,216,0,0,-2053581,1
0,325,216,0,0,-2057124,1
0,326,216,0,0,-2058657,1
0,327,216,0,0,-2065079,1
0,327,217,0,0,-2066893,1
0,328,217,0,0,-2072757,1
0,329,217,1,0,-2073416,1
0,329,218,0,0,-2073632,1
0,330,218,0,0,-2074193,1
0,330,219,0,0,-2078953,1
0,330,220,0,0,-2085734,1
0,331,220,0,0,-2086327,1
0,332,220,0,0,-2087858,1
0,333,220,0,0,-2090238,1
0,334,220,0,0,-2092002,1
0,335,220,0,0,-2094016,1
0,336,220,0,0,-2095355,1
0,337,220,0,0,-2097597,1
0,338,220,0,0,-2098256,1
0,338,221,0,0,-2099236,1
0,338,222,0,0,-2102284,1
0,339,222,1,0,-2103762,1
0,340,222,0,0,-2105033,1
0,341,222,0,0,-2118135,1
0,342,222,0,0,-2118726,1
0,342,223,0,0,-2130986,1
0,343,223,0,0,-2139091,1
0,344,223,0,0,-2139881,1
0,345,223,0,0,-2140343,1
0,345,224,0,0,-2142449,1
0,346,224,0,0,-2151537,1
0,346,225,0,0,-2153015,1
0,347,225,0,0,-2153477,1
0,348,225,0,0,-2154136,1
0,348,226,0,0,-2160898,1
0,349,226,1,0,-2161491,1
0,350,226,0,0,-2163022,1
0,351,226,0,0,-2165678,1
0,352,226,0,0,-2166239,1
0,353,226,0,0,-2167667,1
0,354,226,0,0,-2169263,1
0,354,227,0,0,-2169504,1
0,354,228,0,0,-2176753,1
0,354,229,0,0,-2178242,1
0,354,230,0,0,-2178421,1
0,355,230,0,0,-2186188,1
0,356,230,0,0,-2186401,1
0,356,231,0,0,-2187358,1
0,356,232,0,0,-2188637,1
0,357,232,0,0,-2189379,1
0,357,233,0,0,-2190503,1
0,358,233,0,0,-2190870,1
0,359,233,1,0,-2191042,1
0,359,234,0,0,-2192024,1
0,360,234,0,0,-2194570,1
0,360,235,0,0,-2198677,1
0,361,235,0,0,-2199044,1
0,362,235,0,0,-2217313,1
0,362,236,0,0,-2218802,1
0,362,237,0,0,-2219782,1
0,363,237,0,0,-2220881,1
0,363,238,0,0,-2222288,1
0,363,239,0,0,-2322349,1
0,364,239,0,0,-2326706,1
0,364,240,0,0,-2327302,1
0,365,240,0,0,-2327544,1
0,366,240,0,0,-2329423,1
0,366,241,0,0,-2330183,1
0,366,242,0,0,-2330835,1
0,366,243,0,1,-2346678,1
0,366,244,0,0,-2352875,1
0,366,245,0,0,-2354372,1
0,367,245,0,0,-2357735,1
0,367,246,0,0,-2366501,1
0,368,246,0,0,-2367523,1
0,368,247,0,0,-2370371,1
0,369,247,0,0,-2378541,1
0,370,247,0,0,-2384249,1
0,370,248,0,0,-2385889,1
0,370,249,0,0,-2387323,1
0,371,249,0,0,-2391343,1
0,372,249,0,0,-2393895,1
0,373,249,0,0,-2395180,1
0,373,250,0,0,-2400266,1
0,373,251,0,0,-2405839,1
0,373,252,0,0,-2409569,1
0,374,252,0,0,-2421775,1
0,375,252,0,0,-2423368,1
0,375,253,0,1,-2424321,1
0,375,254,0,0,-2426426,1
0,375,255,0,0,-2429478,1
0,375,256,0,0,-2431764,1
0,376,256,0,0,-2435062,1
0,377,256,0,0,-2435773,1
0,378,256,0,0,-2436364,1
0,379,256,0,0,-2437088,1
0,380,256,0,0,-2437681,1
0,380,257,0,0,-2438789,1
0,381,257,0,0,-2439251,1
0,382,257,0,0,-2439908,1
0,382,258,0,0,-2441172,1
0,383,258,0,0,-2444430,1
0,383,259,0,0,-2481258,1
0,384,259,0,0,-2481969,1
0,385,259,1,0,-2482560,1
0,385,260,0,0,-2483454,1
0,385,261,0,0,-2484349,1
0,385,262,0,0,-2486395,1
0,386,262,0,0,-2486986,1
0,387,262,0,0,-2488327,1
0,387,263,0,0,-2494667,1
0,388,263,0,0,-2496376,1
0,388,264,0,0,-2499849,1
0,388,265,0,0,-2501621,1
0,388,266,0,0,-2502551,1
0,388,267,0,0,-2579638,1
0,388,268,0,0,-2580430,1
0,388,269,0,1,-2581665,1
0,389,269,0,0,-2588273,1
0,389,270,0,0,-2605115,1
0,390,270,0,0,-2606137,1
0,391,270,0,0,-2607681,1
0,391,271,0,0,-2609342,1
0,392,271,0,0,-2610370,1
0,393,271,0,0,-2615099,1
0,394,271,0,0,-2628758,1
0,395,271,0,0,-2633869,1
0,396,271,0,0,-2634600,1
0,397,271,0,0,-2636325,1
0,398,271,1,0,-2639558,1
0,399,271,0,0,-2640767,1
0,400,271,0,0,-2644677,1
0,401,271,0,0,-2647339,1
0,401,272,0,0,-2650565,1
0,402,272,0,0,-2651224,1
0,403,272,0,0,-2652328,1
0,403,273,0,0,-2657093,1
0,404,273,0,0,-2663827,1
0,405,273,0,0,-2667267,1
0,406,273,0,0,-2676444,1
0,407,273,0,0,-2689028,1
0,407,274,0,0,-2689686,1
0,408,274,1,0,-2690397,1
0,409,274,0,0,-2690988,1
0,410,274,0,0,-2692071,1
0,411,274,0,0,-2692662,1
0,411,275,0,0,-2693516,1
0,412,275,0,0,-2709306,1
0,413,275,0,0,-2714935,1
0,414,275,0,0,-2718924,1
0,415,275,0,0,-2719127,1
0,415,276,0,0,-2728963,1
0,416,276,0,0,-2730221,1
0,416,277,0,0,-2732591,1
0,417,277,0,0,-2741380,1
0,418,277,1,0,-2742622,1
0,418,278,0,0,-2743709,1
0,418,279,0,0,-2745370,1
0,419,279,0,0,-2750543,1
0,420,279,0,0,-2751202,1
0,421,279,0,0,-2754846,1
0,421,280,0,0,-2759143,1
0,422,280,0,0,-2759746,1
0,422,281,0,0,-2761476,1
0,422,282,0,0,-2762943,1
0,422,283,0,0,-2764868,1
0,423,283,0,0,-2770643,1
0,424,283,0,0,-2771935,1
0,425,283,0,0,-2772533,1
0,425,284,0,0,-2773038,1
0,426,284,0,0,-2773631,1
0,427,284,0,0,-2775287,1
0,427,285,0,0,-2776195,1
0,428,285,1,0,-2776854,1
0,429,285,0,0,-2779173,1
0,429,286,0,0,-2780296,1
0,429,287,0,0,-2782438,1
0,430,287,0,0,-2783518,1
0,430,288,0,0,-2786475,1
0,431,288,0,0,-2795252,1
0,431,289,0,0,-2795756,1
0,432,289,0,0,-2796349,1
0,432,290,0,0,-2802228,1
0,432,291,0,0,-2802732,1
0,433,291,0,0,-2803325,1
0,433,292,0,0,-2809198,1
0,434,292,0,0,-2810729,1
0,434,293,0,0,-2812705,1
0,435,293,0,0,-2816346,1
0,435,294,0,0,-2817714,1
0,436,294,0,0,-2819745,1
0,437,294,0,0,-2826560,1
0,437,295,0,1,-2827945,1
0,438,295,0,0,-2830881,1
0,439,295,0,0,-2832885,1
0,439,296,0,0,-2835835,1
0,440,296,0,0,-2841043,1
0,440,297,0,0,-2842059,1
0,441,297,0,0,-2848526,1
0,442,297,0,0,-2849669,1
0,442,298,0,0,-2851429,1
0,443,298,0,0,-2852422,1
0,443,299,0,0,-2853109,1
0,443,300,0,0,-2855051,1
0,443,301,0,0,-2855851,1
0,444,301,0,0,-2859450,1
0,444,302,0,0,-2860528,1
0,445,302,0,0,-2862409,1
0,445,303,0,0,-2863741,1
0,446,303,0,0,-2864332,1
0,447,303,1,0,-2866274,1
0,447,304,0,0,-2872064,1
0,448,304,0,0,-2873311,1
0,449,304,0,0,-2873970,1
0,449,305,0,0,-2874704,1
0,449,306,0,0,-2877140,1
0,449,307,0,0,-2878081,1
0,450,307,0,0,-2878397,1
0,450,308,0,0,-2880205,1
0,451,308,0,0,-2888447,1
0,451,309,0,0,-2890143,1
0,452,309,0,0,-2891271,1
0,453,309,0,0,-2892760,1
0,453,310,0,0,-2909773,1
0,454,310,0,0,-2913247,1
0,455,310,0,0,-2915491,1
0,456,310,0,0,-2917387,1
0,456,311,0,0,-2922975,1
0,457,311,1,0,-2924852,1
0,457,312,0,0,-2929413,1
0,457,313,0,0,-2931923,1
0,458,313,0,0,-2934005,1
0,458,314,0,0,-2934800,1
0,458,315,0,0,-2935895,1
0,459,315,0,0,-2938605,1
0,459,316,0,0,-2940029,1
0,459,317,0,0,-2941515,1
0,460,317,0,0,-2942824,1
0,461,317,0,0,-2945229,1
0,461,318,0,0,-2947187,1
0,462,318,0,0,-2947554,1
0,463,318,0,0,-2958276,1
0,463,319,0,0,-2960165,1
0,463,320,0,0,-2961869,1
0,463,321,0,1,-2962629,1
0,463,322,0,0,-2963558,1
0,463,323,0,0,-2978344,1
0,464,323,0,0,-2978937,1
0,464,324,0,0,-2983898,1
0,464,325,0,0,-2984829,1
0,465,325,0,0,-2987724,1
0,466,325,0,0,-2988911,1
0,466,326,0,0,-2989612,1
0,466,327,0,0,-2996101,1
0,466,328,0,0,-2996606,1
0,467,328,0,0,-2997199,1
0,468,328,0,0,-3000666,1
0,468,329,0,0,-3006358,1
0,469,329,0,0,-3006951,1
0,470,329,0,0,-3009435,1
0,470,330,0,0,-3015809,1
0,471,330,0,0,-3026549,1
0,472,330,0,0,-3029395,1
0,473,330,1,0,-3030614,1
0,473,331,0,0,-3031392,1
0,473,332,0,0,-3032252,1
0,474,332,0,0,-3041668,1
0,474,333,0,0,-3042424,1
0,474,334,0,0,-3047088,1
0,474,335,0,0,-3048953,1
0,474,336,0,0,-3053856,1
0,475,336,0,0,-3054417,1
0,476,336,0,0,-3055614,1
0,477,336,0,0,-3057140,1
0,478,336,0,0,-3057701,1
0,479,336,0,0,-3058684,1
0,480,336,0,0,-3059206,1
0,481,336,0,0,-3060597,1
0,482,336,0,0,-3062088,1
0,483,336,1,0,-3062610,1
0,483,337,0,0,-3067056,1
0,483,338,0,0,-3070689,1
0,483,339,0,0,-3075074,1
0,484,339,0,0,-3076802,1
0,485,339,0,0,-3079420,1
0,485,340,0,0,-3082571,1
0,485,341,0,0,-3083501,1
0,485,342,0,0,-3094073,1
0,485,343,0,0,-3094578,1
0,486,343,0,0,-3095171,1
0,487,343,0,0,-3096533,1
0,488,343,0,0,-3097323,1
0,489,343,0,0,-3097785,1
0,490,343,0,0,-3098444,1
0,491,343,0,0,-3100146,1
0,491,344,0,0,-3105095,1
0,492,344,0,0,-3105693,1
0,492,345,0,0,-3106198,1
0,493,345,1,0,-3106791,1
0,493,346,0,0,-3108215,1
0,493,347,0,0,-3110369,1
0,494,347,0,0,-3111113,1
0,495,347,0,0,-3111772,1
0,496,347,0,0,-3114043,1
0,497,347,0,0,-3114634,1
0,498,347,0,0,-3115840,1
0,499,347,0,0,-3116433,1
0,499,348,0,0,-3117123,1
0,500,348,0,0,-3120161,1
0,501,348,0,0,-3120623,1
0,502,348,0,0,-3121477,1
0,502,349,0,0,-3121982,1
0,503,349,1,0,-3122575,1
0,504,349,0,0,-3126273,1
0,504,350,0,0,-3127967,1
0,505,350,0,0,-3128626,1
0,505,351,0,0,-3129606,1
0,505,352,0,0,-3130110,1
0,506,352,0,0,-3131469,1
0,506,353,0,0,-3133855,1
0,506,354,0,0,-3135958,1
0,506,355,0,0,-3138182,1
0,507,355,0,0,-3138775,1
0,507,356,0,0,-3138953,1
0,508,356,0,0,-3165957,1
0,509,356,0,0,-3171049,1
0,509,357,0,0,-3171554,1
0,510,357,0,0,-3172147,1
0,510,358,0,0,-3208992,1
0,511,358,0,0,-3211979,1
0,512,358,0,0,-3213159,1
0,512,359,0,1,-3215446,1
0,513,359,0,0,-3215968,1
0,513,360,0,0,-3275899,1
0,513,361,0,0,-3333501,1
0,513,362,0,0,-3334006,1
0,514,362,0,0,-3334599,1
0,515,362,0,0,-3338705,1
0,515,363,0,0,-3339210,1
0,516,363,0,0,-3339803,1
0,516,364,0,0,-3341431,1
0,516,365,0,0,-3343665,1
0,517,365,0,0,-3345210,1
0,517,366,0,0,-3346754,1
0,518,366,0,0,-3349040,1
0,519,366,0,0,-3355795,1
0,520,366,0,0,-3356386,1
0,521,366,0,0,-3357592,1
0,522,366,1,0,-3358185,1
0,523,366,0,0,-3363346,1
0,524,366,0,0,-3373437,1
0,524,367,0,0,-3374587,1
0,525,367,0,0,-3378452,1
0,526,367,0,0,-3379163,1
0,527,367,0,0,-3379754,1
0,527,368,0,0,-3380604,1
0,528,368,0,0,-3382773,1
0,528,369,0,0,-3383686,1
0,528,370,0,0,-3384282,1
0,529,370,0,0,-3384804,1
0,530,370,0,0,-3386741,1
0,531,370,0,0,-3390936,1
0,532,370,1,0,-3395159,1
0,532,371,0,0,-3397653,1
0,533,371,0,0,-3400239,1
0,534,371,0,0,-3402462,1
0,534,372,0,0,-3403345,1
0,535,372,0,0,-3405662,1
0,535,373,0,0,-3406485,1
0,536,373,0,0,-3407959,1
0,537,373,0,0,-3408550,1
0,537,374,0,0,-3409388,1
0,537,375,0,0,-3411139,1
0,538,375,0,0,-3412602,1
0,539,375,0,0,-3413959,1
0,539,376,0,0,-3416847,1
0,539,377,0,0,-3417476,1
0,540,377,0,0,-3421126,1
0,541,377,0,0,-3421687,1
0,541,378,0,0,-3423649,1
0,542,378,1,0,-3430017,1
0,543,378,0,0,-3436124,1
0,544,378,0,0,-3441753,1
0,545,378,0,0,-3442344,1
0,545,379,0,0,-3445793,1
0,546,379,0,0,-3446255,1
0,547,379,0,0,-3446914,1
0,548,379,0,0,-3447780,1
0,549,379,0,0,-3448302,1
0,550,379,0,0,-3449675,1
0,550,380,0,0,-3451278,1
0,550,381,0,0,-3451782,1
0,551,381,0,0,-3452375,1
0,552,381,1,0,-3461053,1
0,553,381,0,0,-3461644,1
0,554,381,0,0,-3463538,1
0,555,381,0,0,-3464099,1
0,555,382,0,0,-3465415,1
0,556,382,0,0,-3468453,1
0,556,383,0,0,-3468958,1
0,557,383,0,0,-3469551,1
0,557,384,0,0,-3471706,1
0,558,384,0,0,-3494041,1
0,559,384,0,0,-3494831,1
0,560,384,0,0,-3495293,1
0,561,384,0,0,-3495952,1
0,561,385,0,0,-3496930,1
0,561,386,0,0,-3497434,1
0,562,386,1,0,-3498027,1
0,562,387,0,0,-3507312,1
0,563,387,0,0,-3508649,1
0,564,387,0,0,-3511095,1
0,564,388,0,0,-3514299,1
0,564,389,0,0,-3522322,1
0,564,390,0,0,-3523295,1
0,564,391,0,0,-3524607,1
0,564,392,0,0,-3532147,1
0,565,392,0,0,-3537735,1
0,566,392,0,0,-3538197,1
0,567,392,0,0,-3538856,1
0,568,392,0,0,-3569247,1
0,569,392,0,0,-3569838,1
0,570,392,0,0,-3578736,1
0,571,392,0,0,-3581111,1
0,572,392,1,0,-3582619,1
0,572,393,0,0,-3602363,1
0,573,393,0,0,-3605497,1
0,574,393,0,0,-3607357,1
0,575,393,0,0,-3666950,1
0,576,393,0,0,-3676741,1
0,577,393,0,0,-3677332,1
0,577,394,0,0,-3678205,1
0,578,394,0,0,-3682800,1
0,579,394,0,0,-3694361,1
0,580,394,0,0,-3694952,1
0,580,395,0,0,-3701900,1
0,581,395,0,0,-3709690,1
0,581,396,0,0,-3714443,1
0,582,396,1,0,-3716826,1
0,582,397,0,0,-3718651,1
0,582,398,0,0,-3719156,1
0,583,398,0,0,-3719749,1
0,583,399,0,0,-3721393,1
0,584,399,0,0,-3727777,1
0,584,400,0,0,-3788196,1
0,584,401,0,0,-3789753,1
0,585,401,0,0,-3797663,1
0,586,401,0,0,-3798254,1
0,587,401,0,0,-3801071,1
0,588,401,0,0,-3802128,1
0,588,402,0,0,-3804979,1
0,588,403,0,0,-3808091,1
0,588,404,0,0,-3813574,1
0,589,404,0,0,-3816573,1
0,589,405,0,0,-3817360,1
0,589,406,0,1,-3818376,1
0,590,406,0,0,-3819345,1
0,590,407,0,0,-3820115,1
0,590,408,0,0,-3821963,1
0,591,408,0,0,-3823755,1
0,592,408,0,0,-3824006,1
0,592,409,0,0,-3826453,1
0,593,409,0,0,-3827984,1
0,593,410,0,0,-3828966,1
0,593,411,0,0,-3840333,1
0,593,412,0,0,-3845068,1
0,594,412,0,0,-3845779,1
0,594,413,0,0,-3846736,1
0,594,414,0,0,-3849611,1
0,595,414,0,0,-3850160,1
0,596,414,0,0,-3852961,1
0,596,415,0,0,-3860693,1
0,597,415,0,0,-3894186,1
0,597,416,0,1,-3895949,1
0,598,416,0,0,-3896594,1
0,599,416,0,0,-3898511,1
0,599,417,0,0,-3899605,1
0,600,417,0,0,-3900067,1
0,600,418,0,0,-3900739,1
0,601,418,0,0,-3901388,1
0,602,418,0,0,-3906883,1
0,603,418,0,0,-3907474,1
0,603,419,0,0,-3908332,1
0,603,420,0,0,-3912948,1
0,604,420,0,0,-3926130,1
0,604,421,0,0,-3930427,1
0,604,422,0,0,-3932030,1
0,604,423,0,0,-3940727,1
0,605,423,0,0,-3941886,1
0,605,424,0,0,-3950674,1
0,606,424,0,0,-3956380,1
0,607,424,1,0,-3964533,1
0,608,424,0,0,-3965124,1
0,609,424,0,0,-3967368,1
0,609,425,0,0,-3972326,1
0,609,426,0,0,-3973770,1
0,610,426,0,0,-3974292,1
0,611,426,0,0,-3976344,1
0,612,426,0,0,-3977008,1
0,612,427,0,0,-3978383,1
0,612,428,0,0,-3979288,1
0,613,428,0,0,-3981052,1
0,614,428,0,0,-3981664,1
0,614,429,0,0,-3984324,1
0,614,430,0,0,-4002653,1
0,615,430,0,0,-4004184,1
0,615,431,0,0,-4004637,1
0,616,431,0,0,-4005337,1
0,616,432,0,0,-4007209,1
0,616,433,0,0,-4008093,1
0,617,433,1,0,-4085913,1
0,617,434,0,0,-4086990,1
0,617,435,0,0,-4088821,1
0,618,435,0,0,-4089374,1
0,618,436,0,0,-4090144,1
0,619,436,0,0,-4093617,1
0,620,436,0,0,-4094344,1
0,621,436,0,0,-4098767,1
0,621,437,0,0,-4106293,1
0,622,437,0,0,-4112875,1
0,623,437,0,0,-4113466,1
0,624,437,0,0,-4115741,1
0,625,437,0,0,-4116289,1
0,626,437,0,0,-4117079,1
0,627,437,1,0,-4117541,1
0,628,437,0,0,-4118200,1
0,629,437,0,0,-4120026,1
0,629,438,0,0,-4120682,1
0,630,438,0,0,-4121204,1
0,630,439,0,0,-4123715,1
0,630,440,0,0,-4124145,1
0,630,441,0,0,-4130499,1
0,630,442,0,0,-4131798,1
0,631,442,0,0,-4134921,1
0,631,443,0,0,-4135867,1
0,631,444,0,0,-4138077,1
0,631,445,0,0,-4143795,1
0,631,446,0,0,-4144717,1
0,632,446,0,0,-4152333,1
0,633,446,0,0,-4152924,1
0,633,447,0,1,-4156922,1
0,633,448,0,0,-4170274,1
0,634,448,0,0,-4174868,1
0,634,449,0,0,-4175823,1
0,635,449,0,0,-4179603,1
0,636,449,0,0,-4180315,1
0,637,449,0,0,-4181276,1
0,637,450,0,0,-4182159,1
0,637,451,0,0,-4189388,1
0,637,452,0,0,-4195254,1
0,638,452,0,0,-4195469,1
0,639,452,0,0,-4196060,1
0,640,452,0,0,-4197243,1
0,641,452,0,0,-4198291,1
0,642,452,0,0,-4199741,1
0,643,452,1,0,-4201112,1
0,643,453,0,0,-4209488,1
0,644,453,0,0,-4210170,1
0,645,453,0,0,-4210498,1
0,646,453,0,0,-4211650,1
0,647,453,0,0,-4212941,1
0,648,453,0,0,-4213428,1
0,649,453,0,0,-4216864,1
0,649,454,0,0,-4218677,1
0,650,454,0,0,-4219194,1
0,650,455,0,0,-4225130,1
0,650,456,0,0,-4228247,1
0,651,456,0,0,-4229300,1
0,652,456,0,0,-4230317,1
0,652,457,0,0,-4231233,1
0,653,457,1,0,-4233294,1
0,654,457,0,0,-4235313,1
0,655,457,0,0,-4236044,1
0,656,457,0,0,-4243611,1
0,656,458,0,0,-4246188,1
0,657,458,0,0,-4247344,1
0,658,458,0,0,-4249850,1
0,658,459,0,0,-4250823,1
0,658,460,0,0,-4252990,1
0,659,460,0,0,-4279876,1
0,660,460,0,0,-4282537,1
0,660,461,0,0,-4283171,1
0,661,461,0,0,-4284443,1
0,662,461,0,0,-4284599,1
0,663,461,1,0,-4290524,1
0,663,462,0,0,-4300194,1
0,664,462,0,0,-4302280,1
0,665,462,0,0,-4304297,1
0,666,462,0,0,-4305026,1
0,667,462,0,0,-4307288,1
0,668,462,0,0,-4309688,1
0,668,463,0,0,-4311304,1
0,669,463,0,0,-4321220,1
0,670,463,0,0,-4324117,1
0,671,463,0,0,-4324402,1
0,672,463,0,0,-4325476,1
0,673,463,1,0,-4326820,1
0,674,463,0,0,-4328064,1
0,674,464,0,0,-4330781,1
0,675,464,0,0,-4331440,1
0,675,465,0,0,-4332420,1
0,676,465,0,0,-4343831,1
0,677,465,0,0,-4344420,1
0,678,465,0,0,-4349050,1
0,678,466,0,0,-4353393,1
0,679,466,0,0,-4353984,1
0,680,466,0,0,-4359560,1
0,681,466,0,0,-4360082,1
0,682,466,0,0,-4361200,1
0,682,467,0,0,-4362218,1
0,683,467,1,0,-4362577,1
0,684,467,0,0,-4363978,1
0,684,468,0,0,-4364687,1
0,685,468,0,0,-4366952,1
0,685,469,0,0,-4367421,1
0,686,469,0,0,-4367883,1
0,687,469,0,0,-4368542,1
0,687,470,0,0,-4372634,1
0,687,471,0,0,-4383405,1
0,687,472,0,0,-4384268,1
0,687,473,0,0,-4385241,1
0,687,474,0,0,-4386637,1
0,687,475,0,0,-4393704,1
0,687,476,0,0,-4394882,1
0,687,477,0,1,-4395478,1
0,688,477,0,0,-4401813,1
0,688,478,0,0,-4403878,1
0,689,478,0,0,-4406285,1
0,689,479,0,0,-4408101,1
0,690,479,0,0,-4408994,1
0,690,480,0,0,-4410766,1
0,691,480,0,0,-4411288,1
0,691,481,0,0,-4423727,1
0,692,481,0,0,-4424517,1
0,693,481,0,0,-4424979,1
0,694,481,0,0,-4425638,1
0,695,481,0,0,-4429218,1
0,695,482,0,0,-4430675,1
0,695,483,0,0,-4431880,1
0,696,483,0,0,-4432402,1
0,696,484,0,0,-4450993,1
0,696,485,0,0,-4453448,1
0,696,486,0,0,-4454305,1
0,697,486,1,0,-4456819,1
0,698,486,0,0,-4466265,1
0,699,486,0,0,-4466414,1
0,700,486,0,0,-4468801,1
0,701,486,0,0,-4475628,1
0,702,486,0,0,-4476922,1
0,702,487,0,0,-4478553,1
0,703,487,0,0,-4478962,1
0,703,488,0,0,-4482837,1
0,704,488,0,0,-4483412,1
0,704,489,0,0,-4485543,1
0,705,489,0,0,-4486202,1
0,705,490,0,0,-4486418,1
0,706,490,0,0,-4486979,1
0,706,491,0,0,-4488301,1
0,706,492,0,0,-4560235,1
0,706,493,0,0,-4561651,1
0,707,493,1,0,-4562680,1
0,707,494,0,0,-4567718,1
0,707,495,0,0,-4569200,1
0,708,495,0,0,-4579301,1
0,708,496,0,0,-4582204,1
0,709,496,0,0,-4582626,1
0,709,497,0,0,-4583512,1
0,709,498,0,0,-4588947,1
0,710,498,0,0,-4593656,1
0,711,498,0,0,-4598697,1
0,712,498,0,0,-4600009,1
0,712,499,0,0,-4603365,1
0,712,500,0,0,-4603980,1
0,712,501,0,0,-4604911,1
0,713,501,0,0,-4605537,1
0,713,502,0,0,-4606399,1
0,713,503,0,1,-4607764,1
0,713,504,0,0,-4618557,1
0,713,505,0,0,-4629554,1
0,714,505,0,0,-4629791,1
0,714,506,0,0,-4631218,1
0,714,507,0,0,-4633103,1
0,715,507,0,0,-4663248,1
0,716,507,0,0,-4664703,1
0,717,507,0,0,-4680742,1
0,717,508,0,0,-4682368,1
0,718,508,0,0,-4682890,1
0,718,509,0,0,-4684454,1
0,718,510,0,0,-4684958,1
0,719,510,0,0,-4685551,1
0,719,511,0,0,-4687757,1
0,720,511,0,0,-4689898,1
0,721,511,0,0,-4691218,1
0,721,512,0,0,-4691722,1
0,722,512,0,0,-4692315,1
0,723,512,1,0,-4693846,1
0,723,513,0,0,-4698358,1
0,723,514,0,0,-4701005,1
0,724,514,0,0,-4703286,1
0,725,514,0,0,-4704761,1
0,725,515,0,0,-4705691,1
0,726,515,0,0,-4708913,1
0,726,516,0,0,-4709418,1
0,727,516,0,0,-4710011,1
0,727,517,0,0,-4747870,1
0,728,517,0,0,-4749119,1
0,729,517,0,0,-4751119,1
0,730,517,0,0,-4751850,1
0,730,518,0,0,-4756041,1
0,731,518,0,0,-4761233,1
0,732,518,0,0,-4763503,1
0,733,518,1,0,-4763742,1
0,734,518,0,0,-4766333,1
0,735,518,0,0,-4766658,1
0,736,518,0,0,-4767251,1
0,737,518,0,0,-4768782,1
0,738,518,0,0,-4775385,1
0,738,519,0,0,-4776776,1
0,739,519,0,0,-4782021,1
0,740,519,0,0,-4782856,1
0,740,520,0,0,-4789177,1
0,741,520,0,0,-4799088,1
0,741,521,0,0,-4803880,1
0,742,521,0,0,-4804473,1
0,743,521,1,0,-4804795,1
0,744,521,0,0,-4806101,1
0,744,522,0,0,-4806855,1
0,744,523,0,0,-4807094,1
0,745,523,0,0,-4808300,1
0,746,523,0,0,-4808893,1
0,747,523,0,0,-4810360,1
0,747,524,0,0,-4810767,1
0,748,524,0,0,-4813240,1
0,749,524,0,0,-4813412,1
0,749,525,0,0,-4815309,1
0,750,525,0,0,-4817058,1
0,751,525,0,0,-4817651,1
0,752,525,0,0,-4819182,1
0,753,525,1,0,-4821240,1
0,754,525,0,0,-4828841,1
0,754,526,0,0,-4831248,1
0,755,526,0,0,-4831770,1
0,756,526,0,0,-4835005,1
0,757,526,0,0,-4837544,1
0,757,527,0,0,-4843993,1
0,757,528,0,0,-4845082,1
0,757,529,0,0,-4849554,1
0,758,529,0,0,-4849728,1
0,759,529,0,0,-4854300,1
0,760,529,0,0,-4855641,1
0,760,530,0,0,-4855888,1
0,760,531,0,0,-4858409,1
0,760,532,0,0,-4861241,1
0,760,533,0,0,-4861490,1
0,760,534,0,0,-4865482,1
0,761,534,0,0,-4875876,1
0,762,534,0,0,-4876966,1
0,762,535,0,1,-4880128,1
0,762,536,0,0,-4881049,1
0,763,536,0,0,-4883718,1
0,763,537,0,0,-4889540,1
0,764,537,0,0,-4895749,1
0,764,538,0,0,-4901761,1
0,765,538,0,0,-4902815,1
0,765,539,0,0,-4905348,1
0,765,540,0,0,-4905783,1
0,766,540,0,0,-4918114,1
0,767,540,0,0,-4919103,1
0,767,541,0,0,-4920011,1
0,767,542,0,0,-4928942,1
0,768,542,0,0,-4933038,1
0,768,543,0,0,-4933287,1
0,768,544,0,0,-4938918,1
0,768,545,0,1,-4943931,1
0,769,545,0,0,-4953926,1
0,770,545,0,0,-4954879,1
0,770,546,0,0,-4956482,1
0,771,546,0,0,-4957004,1
0,772,546,0,0,-4958126,1
0,773,546,0,0,-4960552,1
0,774,546,0,0,-4961845,1
0,774,547,0,0,-4963157,1
0,774,548,0,0,-5011213,1
0,774,549,0,0,-5022900,1
0,774,550,0,0,-5036748,1
0,775,550,0,0,-5039588,1
0,775,551,0,0,-5040519,1
0,775,552,0,0,-5041657,1
0,776,552,0,0,-5043856,1
0,777,552,0,0,-5044449,1
0,777,553,0,0,-5046413,1
0,778,553,1,0,-5051274,1
0,779,553,0,0,-5054758,1
0,780,553,0,0,-5056878,1
0,781,553,0,0,-5059212,1
0,782,553,0,0,-5060181,1
0,782,554,0,0,-5062986,1
0,783,554,0,0,-5066236,1
0,783,555,0,0,-5066832,1
0,784,555,0,0,-5067354,1
0,784,556,0,0,-5070941,1
0,785,556,0,0,-5071731,1
0,786,556,0,0,-5072193,1
0,787,556,0,0,-5072852,1
0,787,557,0,0,-5073832,1
0,787,558,0,0,-5074336,1
0,788,558,1,0,-5074929,1
0,788,559,0,0,-5078772,1
0,788,560,0,0,-5080657,1
0,788,561,0,0,-5082323,1
0,788,562,0,0,-5083975,1
0,788,563,0,0,-5085219,1
0,789,563,0,0,-5091480,1
0,790,563,0,0,-5092449,1
0,791,563,0,0,-5118105,1
0,791,564,0,0,-5120281,1
0,792,564,0,0,-5122081,1
0,793,564,0,0,-5123691,1
0,793,565,0,0,-5125124,1
0,793,566,0,0,-5125980,1
0,793,567,0,0,-5130788,1
0,794,567,0,0,-5131308,1
0,794,568,0,1,-5137613,1
0,795,568,0,0,-5140806,1
0,795,569,0,0,-5148000,1
0,796,569,0,0,-5150302,1
0,797,569,0,0,-5151127,1
0,797,570,0,0,-5151368,1
0,798,570,0,0,-5152162,1
0,798,571,0,0,-5153285,1
0,798,572,0,0,-5153536,1
0,799,572,0,0,-5156011,1
0,799,573,0,0,-5156250,1
0,800,573,0,0,-5158079,1
0,800,574,0,0,-5159568,1
0,800,575,0,0,-5160548,1
0,800,576,0,0,-5160901,1
0,800,577,0,0,-5162796,1
0,801,577,0,0,-5164934,1
0,801,578,0,1,-5177856,1
0,802,578,0,0,-5182189,1
0,802,579,0,0,-5184653,1
0,803,579,0,0,-5185743,1
0,804,579,0,0,-5185938,1
0,805,579,0,0,-5186151,1
0,806,579,0,0,-5186408,1
0,807,579,0,0,-5187581,1
0,808,579,0,0,-5187743,1
0,808,580,0,0,-5189542,1
0,809,580,0,0,-5191642,1
0,809,581,0,0,-5193003,1
0,809,582,0,0,-5193820,1
0,810,582,0,0,-5194342,1
0,810,583,0,0,-5194749,1
0,810,584,0,0,-5197120,1
0,810,585,0,0,-5198532,1
0,811,585,1,0,-5199250,1
0,811,586,0,0,-5200585,1
0,812,586,0,0,-5200798,1
0,812,587,0,0,-5201066,1
0,812,588,0,0,-5204152,1
0,813,588,0,0,-5207860,1
0,813,589,0,0,-5209509,1
0,814,589,0,0,-5210168,1
0,815,589,0,0,-5211760,1
0,815,590,0,0,-5213748,1
0,816,590,0,0,-5224522,1
0,816,591,0,0,-5225657,1
0,817,591,0,0,-5229014,1
0,818,591,0,0,-5230177,1
0,818,592,0,0,-5230769,1
0,818,593,0,0,-5232469,1
0,819,593,0,0,-5234523,1
0,820,593,0,0,-5235700,1
0,821,593,1,0,-5241553,1
0,822,593,0,0,-5243112,1
0,823,593,0,0,-5245472,1
0,823,594,0,0,-5253819,1
0,824,594,0,0,-5256489,1
0,824,595,0,0,-5267281,1
0,825,595,0,0,-5277168,1
0,826,595,0,0,-5278554,1
0,827,595,0,0,-5293263,1
0,828,595,0,0,-5301249,1
0,829,595,0,0,-5302461,1
0,830,595,0,0,-5304588,1
0,831,595,1,0,-5307459,1
0,832,595,0,0,-5320860,1
0,833,595,0,0,-5321829,1
0,834,595,0,0,-5322860,1
0,834,596,0,0,-5329440,1
0,835,596,0,0,-5337974,1
0,836,596,0,0,-5338954,1
0,836,597,0,0,-5343567,1
0,837,597,0,0,-5345434,1
0,838,597,0,0,-5347152,1
0,839,597,0,0,-5347745,1
0,840,597,0,0,-5349712,1
0,841,597,1,0,-5350273,1
0,842,597,0,0,-5358781,1
0,843,597,0,0,-5359372,1
0,844,597,0,0,-5361294,1
0,845,597,0,0,-5361887,1
0,846,597,0,0,-5368018,1
0,847,597,0,0,-5368540,1
0,847,598,0,0,-5369012,1
0,848,598,0,0,-5371596,1
0,848,599,0,0,-5377929,1
0,849,599,0,0,-5383027,1
0,850,599,0,0,-5383618,1
0,850,600,0,0,-5384467,1
0,851,600,1,0,-5387196,1
0,852,600,0,0,-5398023,1
0,853,600,0,0,-5403039,1
0,854,600,0,0,-5403630,1
0,855,600,0,0,-5404836,1
0,856,600,0,0,-5405429,1
0,856,601,0,0,-5410179,1
0,856,602,0,0,-5412590,1
0,857,602,0,0,-5413301,1
0,858,602,0,0,-5413892,1
0,859,602,0,0,-5415098,1
0,860,602,0,0,-5415691,1
0,861,602,1,0,-5417220,1
0,862,602,0,0,-5418558,1
0,863,602,0,0,-5419764,1
0,864,602,0,0,-5420357,1
0,865,602,0,0,-5421888,1
0,866,602,0,0,-5424353,1
0,866,603,0,0,-5424858,1
0,867,603,0,0,-5432531,1
0,868,603,0,0,-5436393,1
0,869,603,0,0,-5438772,1
0,870,603,0,0,-5438946,1
0,871,603,1,0,-5440984,1
0,871,604,0,0,-5443471,1
0,872,604,0,0,-5447096,1
0,872,605,0,0,-5447869,1
0,873,605,0,0,-5449863,1
0,874,605,0,0,-5450851,1
0,874,606,0,0,-5457080,1
0,875,606,0,0,-5465300,1
0,875,607,0,0,-5469912,1
0,876,607,0,0,-5470505,1
0,877,607,0,0,-5472036,1
0,877,608,0,0,-5476585,1
0,877,609,0,0,-5477474,1
0,878,609,0,0,-5478682,1
0,879,609,0,0,-5483204,1
0,880,609,0,0,-5485750,1
0,881,609,1,0,-5487496,1
0,882,609,0,0,-5489732,1
0,883,609,0,0,-5491189,1
0,883,610,0,0,-5492448,1
0,883,611,0,0,-5498274,1
0,883,612,0,0,-5498317,1
0,883,613,0,0,-5498568,1
0,884,613,0,0,-5501692,1
0,885,613,0,0,-5502661,1
0,886,613,0,0,-5504083,1
0,887,613,0,0,-5505227,1
0,888,613,0,0,-5505708,1
0,889,613,0,0,-5506419,1
0,890,613,0,0,-5507010,1
0,891,613,1,0,-5516904,1
0,891,614,0,0,-5518203,1
0,892,614,0,0,-5519639,1
0,893,614,0,0,-5520256,1
0,894,614,0,0,-5522298,1
0,895,614,0,0,-5523885,1
0,896,614,0,0,-5524347,1
0,897,614,0,0,-5525006,1
0,898,614,0,0,-5526536,1
0,899,614,0,0,-5532369,1
0,900,614,0,0,-5534096,1
0,900,615,0,0,-5535821,1
0,901,615,1,0,-5536298,1
0,901,616,0,0,-5537388,1
0,901,617,0,0,-5543007,1
0,902,617,0,0,-5544240,1
0,903,617,0,0,-5544808,1
0,903,618,0,0,-5547110,1
0,904,618,0,0,-5549112,1
0,904,619,0,0,-5550093,1
0,904,620,0,0,-5552170,1
0,905,620,0,0,-5565462,1
0,906,620,0,0,-5565675,1
0,906,621,0,0,-5566263,1
0,907,621,0,0,-5571870,1
0,907,622,0,0,-5572764,1
0,908,622,0,0,-5573632,1
0,908,623,0,0,-5574563,1
0,909,623,0,0,-5575755,1
0,909,624,0,0,-5576466,1
0,909,625,0,1,-5576970,1
0,909,626,0,0,-5586410,1
0,909,627,0,0,-5593229,1
0,909,628,0,0,-5600055,1
0,909,629,0,0,-5600825,1
0,909,630,0,0,-5603440,1
0,910,630,0,0,-5603756,1
0,911,630,0,0,-5607063,1
0,911,631,0,0,-5608206,1
0,912,631,0,0,-5610486,1
0,912,632,0,0,-5610733,1
0,913,632,0,0,-5617117,1
0,913,633,0,0,-5617364,1
0,914,633,0,0,-5622272,1
0,915,633,0,0,-5622457,1
0,916,633,0,0,-5622965,1
0,917,633,0,0,-5624400,1
0,917,634,0,0,-5626519,1
0,917,635,0,1,-5628628,1
0,917,636,0,0,-5632099,1
0,918,636,0,0,-5632931,1
0,919,636,0,0,-5634545,1
0,920,636,0,0,-5636051,1
0,920,637,0,0,-5637306,1
0,920,638,0,0,-5638286,1
0,921,638,0,0,-5642498,1
0,922,638,0,0,-5646992,1
0,923,638,0,0,-5647703,1
0,923,639,0,0,-5652715,1
0,924,639,0,0,-5652903,1
0,925,639,0,0,-5655003,1
0,925,640,0,0,-5657179,1
0,925,641,0,0,-5657294,1
0,926,641,0,0,-5660365,1
0,926,642,0,0,-5661135,1
0,927,642,1,0,-5662066,1
0,928,642,0,0,-5662207,1
0,929,642,0,0,-5662358,1
0,929,643,0,0,-5671413,1
0,929,644,0,0,-5673216,1
0,929,645,0,0,-5673880,1
0,929,646,0,0,-5676729,1
0,929,647,0,0,-5685365,1
0,929,648,0,0,-5685987,1
0,929,649,0,0,-5693284,1
0,930,649,0,0,-5695461,1
0,931,649,0,0,-5702308,1
0,931,650,0,0,-5703056,1
0,931,651,0,0,-5705729,1
0,931,652,0,1,-5707749,1
0,931,653,0,0,-5710472,1
0,932,653,0,0,-5712932,1
0,932,654,0,0,-5715934,1
0,933,654,0,0,-5716527,1
0,934,654,0,0,-5718220,1
0,934,655,0,0,-5719759,1
0,935,655,0,0,-5720418,1
0,935,656,0,0,-5728835,1
0,936,656,0,0,-5730126,1
0,936,657,0,0,-5732571,1
0,937,657,0,0,-5735110,1
0,938,657,0,0,-5735722,1
0,938,658,0,0,-5744512,1
0,938,659,0,0,-5747870,1
0,939,659,0,0,-5749637,1
0,940,659,0,0,-5751947,1
0,940,660,0,0,-5757242,1
0,940,661,0,0,-5760523,1
0,940,662,0,1,-5763447,1
0,941,662,0,0,-5783076,1
0,942,662,0,0,-5785716,1
0,942,663,0,0,-5790071,1
0,943,663,0,0,-5790730,1
0,944,663,0,0,-5807214,1
0,944,664,0,0,-5811516,1
0,944,665,0,0,-5812891,1
0,944,666,0,0,-5814987,1
0,944,667,0,0,-5817832,1
0,944,668,0,0,-5820690,1
0,945,668,0,0,-5829369,1
0,945,669,0,0,-5833546,1
0,946,669,0,0,-5834749,1
0,946,670,0,0,-5839686,1
0,947,670,0,0,-5840279,1
0,947,671,0,0,-5841039,1
0,947,672,0,1,-5843883,1
0,948,672,0,0,-5847804,1
0,948,673,0,0,-5854325,1
0,949,673,0,0,-5854787,1
0,950,673,0,0,-5855446,1
0,950,674,0,0,-5856926,1
0,950,675,0,0,-6060427,1
0,951,675,0,0,-6061845,1
0,951,676,0,0,-6063761,1
0,952,676,0,0,-6064902,1
0,953,676,0,0,-6068685,1
0,953,677,0,0,-6074076,1
0,954,677,0,0,-6074598,1
0,955,677,0,0,-6081183,1
0,956,677,0,0,-6082930,1
0,957,677,1,0,-6083641,1
0,958,677,0,0,-6084232,1
0,958,678,0,0,-6085086,1
0,959,678,0,0,-6089550,1
0,960,678,0,0,-6091631,1
0,961,678,0,0,-6093251,1
0,962,678,0,0,-6098395,1
0,963,678,0,0,-6098986,1
0,964,678,0,0,-6101619,1
0,965,678,0,0,-6112533,1
0,965,679,0,0,-6113285,1
0,965,680,0,0,-6115454,1
0,966,680,0,0,-6116047,1
0,967,680,1,0,-6118074,1
0,968,680,0,0,-6118635,1
0,969,680,0,0,-6120272,1
0,970,680,0,0,-6120794,1
0,971,680,0,0,-6122075,1
0,971,681,0,0,-6129307,1
0,971,682,0,0,-6129905,1
0,972,682,0,0,-6130523,1
0,973,682,0,0,-6133051,1
0,973,683,0,0,-6133788,1
0,974,683,0,0,-6136189,1
0,975,683,0,0,-6141234,1
0,976,683,0,0,-6144508,1
0,976,684,0,0,-6145552,1
0,976,685,0,0,-6150366,1
0,977,685,1,0,-6150888,1
0,978,685,0,0,-6161738,1
0,979,685,0,0,-6162449,1
0,980,685,0,0,-6163040,1
0,981,685,0,0,-6166637,1
0,982,685,0,0,-6172499,1
0,983,685,0,0,-6175307,1
0,983,686,0,0,-6180096,1
0,984,686,0,0,-6180852,1
0,985,686,0,0,-6186018,1
0,986,686,0,0,-6188547,1
0,987,686,1,0,-6189786,1
0,988,686,0,0,-6190825,1
0,989,686,0,0,-6192782,1
0,989,687,0,0,-6196618,1
0,990,687,0,0,-6198259,1
0,991,687,0,0,-6201099,1
0,991,688,0,0,-6210250,1
0,992,688,0,0,-6210772,1
0,993,688,0,0,-6212038,1
0,994,688,0,0,-6216060,1
0,995,688,0,0,-6216944,1
0,996,688,0,0,-6217560,1
0,997,688,1,0,-6218271,1
0,998,688,0,0,-6218862,1
0,999,688,0,0,-6220817,1
0,1000,688,0,0,-6231777,1
0,1001,688,0,0,-6237179,1
0,1002,688,0,0,-6237770,1
0,1002,689,0,0,-6238628,1
0,1002,690,0,0,-6244933,1
0,1002,691,0,0,-6248124,1
0,1003,691,0,0,-6249509,1
0,1003,692,0,0,-6250166,1
0,1003,693,0,0,-6250816,1
0,1004,693,0,0,-6254100,1
0,1005,693,0,0,-6257905,1
0,1005,694,0,0,-6260333,1
0,1006,694,0,0,-6269525,1
0,1007,694,1,0,-6270116,1
0,1007,695,0,0,-6270968,1
0,1008,695,0,0,-6279741,1
0,1008,696,0,0,-6282885,1
0,1009,696,0,0,-6287974,1
0,1009,697,0,0,-6289736,1
0,1009,698,0,0,-6317840,1
0,1010,698,0,0,-6318934,1
0,1010,699,0,0,-6319659,1
0,1011,699,0,0,-6320250,1
0,1011,700,0,0,-6321099,1
0,1012,700,0,0,-6329854,1
0,1013,700,0,0,-6330333,1
0,1014,700,0,0,-6334836,1
0,1015,700,0,0,-6338757,1
0,1016,700,0,0,-6344946,1
0,1017,700,1,0,-6345507,1
0,1018,700,0,0,-6347122,1
0,1018,701,0,0,-6347786,1
0,1018,702,0,0,-6355995,1
0,1019,702,0,0,-6364930,1
0,1020,702,0,0,-6370611,1
0,1021,702,0,0,-6371659,1
0,1021,703,0,0,-6372362,1
0,1021,704,0,0,-6374016,1
0,1022,704,0,0,-6376510,1
0,1022,705,0,0,-6381168,1
0,1023,705,0,0,-6381859,1
0,1024,705,0,0,-6396443,1
0,1025,705,0,0,-6397034,1
0,1026,705,0,0,-6398801,1
0,1027,705,1,0,-6401582,1
0,1027,706,0,0,-6403646,1
0,1028,706,0,0,-6406355,1
0,1029,706,0,0,-6406918,1
0,1030,706,0,0,-6409167,1
0,1030,707,0,0,-6417125,1
0,1030,708,0,0,-6422261,1
0,1031,708,0,0,-6423201,1
0,1031,709,0,0,-6424139,1
0,1031,710,0,0,-6425451,1
0,1032,710,0,0,-6426110,1
0,1032,711,0,0,-6437211,1
0,1032,712,0,0,-6442425,1
0,1032,713,0,0,-6443652,1
0,1033,713,0,0,-6446608,1
0,1033,714,0,0,-6449573,1
0,1033,715,0,1,-6451642,1
0,1033,716,0,0,-6457383,1
0,1033,717,0,0,-6460490,1
0,1033,718,0,0,-6461126,1
0,1033,719,0,0,-6462918,1
0,1034,719,0,0,-6466137,1
0,1034,720,0,0,-6491996,1
0,1034,721,0,0,-6493459,1
0,1034,722,0,0,-6499023,1
0,1035,722,0,0,-6500264,1
0,1036,722,0,0,-6501333,1
0,1036,723,0,0,-6504223,1
0,1037,723,0,0,-6506405,1
0,1038,723,0,0,-6512976,1
0,1038,724,0,0,-6515334,1
0,1038,725,0,1,-6516014,1
0,1038,726,0,0,-6529959,1
0,1038,727,0,0,-6532649,1
0,1038,728,0,0,-6533261,1
0,1039,728,0,0,-6530768,1
0,1039,729,0,0,-6555436,1
0,1039,730,0,0,-6556198,1
0,1040,730,0,0,-6558849,1
0,1040,731,0,0,-6560181,1
0,1041,731,0,0,-6560772,1
0,1042,731,0,0,-6562398,1
0,1042,732,0,0,-6569750,1
0,1043,732,0,0,-6572290,1
0,1043,733,0,0,-6574661,1
0,1043,734,0,0,-6576150,1
0,1043,735,0,1,-6581067,1
0,1043,736,0,0,-6581883,1
0,1043,737,0,0,-6584035,1
0,1044,737,0,0,-6585328,1
0,1044,738,0,0,-6616772,1
0,1045,738,0,0,-6617365,1
0,1046,738,0,0,-6618757,1
0,1047,738,0,0,-6626711,1
0,1048,738,0,0,-6627302,1
0,1049,738,0,0,-6628576,1
0,1050,738,0,0,-6630263,1
0,1050,739,0,0,-6636732,1
0,1050,740,0,0,-6652069,1
0,1051,740,0,0,-6652728,1
0,1051,741,0,0,-6652946,1
0,1052,741,0,0,-6653507,1
0,1052,742,0,0,-6654841,1
0,1052,743,0,0,-6661686,1
0,1052,744,0,0,-6672956,1
0,1053,744,1,0,-6676547,1
0,1054,744,0,0,-6678078,1
0,1054,745,0,0,-6678485,1
0,1055,745,0,0,-6678641,1
0,1055,746,0,0,-6679301,1
0,1055,747,0,0,-6679806,1
0,1056,747,0,0,-6680399,1
0,1056,748,0,0,-6686461,1
0,1057,748,0,0,-6692593,1
0,1058,748,0,0,-6693184,1
0,1059,748,0,0,-6694390,1
0,1060,748,0,0,-6694983,1
0,1061,748,0,0,-6696514,1
0,1062,748,0,0,-6697545,1
0,1063,748,1,0,-6702870,1
0,1064,748,0,0,-6707873,1
0,1065,748,0,0,-6708602,1
0,1065,749,0,0,-6710581,1
0,1066,749,0,0,-6714914,1
0,1067,749,0,0,-6715086,1
0,1068,749,0,0,-6717577,1
0,1068,750,0,0,-6717820,1
0,1069,750,0,0,-6719026,1
0,1069,751,0,0,-6723564,1
0,1070,751,0,0,-6725961,1
0,1070,752,0,0,-6726378,1
0,1070,753,0,0,-6732365,1
0,1070,754,0,0,-6732578,1
0,1071,754,0,0,-6733263,1
0,1072,754,0,0,-6735397,1
0,1073,754,1,0,-6736963,1
0,1074,754,0,0,-6747279,1
0,1074,755,0,0,-6753331,1
0,1075,755,0,0,-6753698,1
0,1075,756,0,0,-6754583,1
0,1075,757,0,0,-6760812,1
0,1076,757,0,0,-6761688,1
0,1076,758,0,0,-6763026,1
0,1076,759,0,0,-6764173,1
0,1076,760,0,0,-6765451,1
0,1077,760,0,0,-6766455,1
0,1078,760,0,0,-6773684,1
0,1079,760,0,0,-6774615,1
0,1079,761,0,0,-6793808,1
0,1080,761,0,0,-6796029,1
0,1080,762,0,0,-6801204,1
0,1081,762,0,0,-6803732,1
0,1082,762,0,0,-6803890,1
0,1082,763,0,0,-6804969,1
0,1083,763,1,0,-6806178,1
0,1083,764,0,0,-6808128,1
0,1084,764,0,0,-6808337,1
0,1085,764,0,0,-6808538,1
0,1085,765,0,0,-6808750,1
0,1086,765,0,0,-6810565,1
0,1086,766,0,0,-6856911,1
0,1087,766,0,0,-6857275,1
0,1087,767,0,0,-6858373,1
0,1088,767,0,0,-6910813,1
0,1088,768,0,0,-6912132,1
0,1089,768,0,0,-6912795,1
0,1089,769,0,0,-6913312,1
0,1090,769,0,0,-6936906,1
0,1091,769,0,0,-6943056,1
0,1092,769,0,0,-6944854,1
0,1093,769,1,0,-6946313,1
0,1094,769,0,0,-6952268,1
0,1094,770,0,0,-6952712,1
0,1094,771,0,0,-6952957,1
0,1094,772,0,0,-6954492,1
0,1095,772,0,0,-6954808,1
0,1096,772,0,0,-6955401,1
0,1096,773,0,0,-6956126,1
0,1097,773,0,0,-6958566,1
0,1097,774,0,0,-6959199,1
0,1098,774,0,0,-6959845,1
0,1098,775,0,0,-7136080,1
0,1099,775,0,0,-7138438,1
0,1100,775,0,0,-7143377,1
0,1101,775,0,0,-7148917,1
0,1102,775,0,0,-7150599,1
0,1103,775,1,0,-7151061,1
0,1104,775,0,0,-7151720,1
0,1105,775,0,0,-7153678,1
0,1105,776,0,0,-7163207,1
0,1105,777,0,0,-7168044,1
0,1105,778,0,0,-7343309,1
0,1106,778,0,0,-7343504,1
0,1107,778,0,0,-7345739,1
0,1107,779,0,0,-7347304,1
0,1107,780,0,0,-7355338,1
0,1107,781,0,0,-7356143,1
0,1107,782,0,0,-7358259,1
0,1107,783,0,0,-7358884,1
0,1108,783,0,0,-7362796,1
0,1109,783,0,0,-7367106,1
0,1109,784,0,0,-7368189,1
0,1109,785,0,1,-7369305,1
0,1109,786,0,0,-7370284,1
0,1110,786,0,0,-7377340,1
0,1111,786,0,0,-7381646,1
0,1112,786,0,0,-7382954,1
0,1112,787,0,0,-7388027,1
0,1112,788,0,0,-7389431,1
0,1113,788,0,0,-7402003,1
0,1114,788,0,0,-7403257,1
0,1114,789,0,0,-7403883,1
0,1115,789,0,0,-7404034,1
0,1116,789,0,0,-7404175,1
0,1116,790,0,0,-7405245,1
0,1117,790,0,0,-7405442,1
0,1118,790,0,0,-7414006,1
0,1118,791,0,0,-7414253,1
0,1119,791,1,0,-7415337,1
0,1120,791,0,0,-7432486,1
0,1121,791,0,0,-7436338,1
0,1121,792,0,0,-7437302,1
0,1122,792,0,0,-7438501,1
0,1123,792,0,0,-7439160,1
0,1123,793,0,0,-7440140,1
0,1123,794,0,0,-7440644,1
0,1124,794,0,0,-7441237,1
0,1125,794,0,0,-7444964,1
0,1126,794,0,0,-7449677,1
0,1127,794,0,0,-7449933,1
0,1127,795,0,0,-7450480,1
0,1128,795,0,0,-7456891,1
0,1129,795,1,0,-7457482,1
0,1130,795,0,0,-7459272,1
0,1131,795,0,0,-7459945,1
0,1132,795,0,0,-7472704,1
0,1133,795,0,0,-7473393,1
0,1134,795,0,0,-7475773,1
0,1135,795,0,0,-7477331,1
0,1136,795,0,0,-7483990,1
0,1137,795,0,0,-7488779,1
0,1138,795,0,0,-7500606,1
0,1138,796,0,0,-7519467,1
0,1139,796,1,0,-7520554,1
0,1140,796,0,0,-7521784,1
0,1141,796,0,0,-7524807,1
0,1142,796,0,0,-7525538,1
0,1143,796,0,0,-7526480,1
0,1144,796,0,0,-7531653,1
0,1145,796,0,0,-7532244,1
0,1146,796,0,0,-7536764,1
0,1146,797,0,0,-7540967,1
0,1146,798,0,0,-7543347,1
0,1146,799,0,0,-7546891,1
0,1146,800,0,0,-7547557,1
0,1146,801,0,0,-7549014,1
0,1147,801,0,0,-7556737,1
0,1147,802,0,0,-7561015,1
0,1148,802,0,0,-7567727,1
0,1148,803,0,0,-7569001,1
0,1149,803,1,0,-7569660,1
0,1150,803,0,0,-7571790,1
0,1151,803,0,0,-7572383,1
0,1151,804,0,0,-7584015,1
0,1151,805,0,0,-7594398,1
0,1151,806,0,0,-7595597,1
0,1151,807,0,0,-7597747,1
0,1152,807,0,0,-7599199,1
0,1153,807,0,0,-7601774,1
0,1154,807,0,0,-7603417,1
0,1155,807,0,0,-7603879,1
0,1156,807,0,0,-7607650,1
0,1157,807,0,0,-7612290,1
0,1158,807,0,0,-7612883,1
0,1159,807,1,0,-7618200,1
0,1159,808,0,0,-7620887,1
0,1160,808,0,0,-7625858,1
0,1160,809,0,0,-7630821,1
0,1161,809,0,0,-7632107,1
0,1162,809,0,0,-7635900,1
0,1162,810,0,0,-7637833,1
0,1163,810,0,0,-7638026,1
0,1164,810,0,0,-7644295,1
0,1165,810,0,0,-7644643,1
0,1166,810,0,0,-7645232,1
0,1167,810,0,0,-7647783,1
0,1168,810,0,0,-7648058,1
0,1168,811,0,0,-7651304,1
0,1169,811,1,0,-7652931,1
0,1170,811,0,0,-7653662,1
0,1170,812,0,0,-7653983,1
0,1171,812,0,0,-7654268,1
0,1172,812,0,0,-7656985,1
0,1173,812,0,0,-7657178,1
0,1174,812,0,0,-7657743,1
0,1174,813,0,0,-7658257,1
0,1175,813,0,0,-7658975,1
0,1175,814,0,0,-7660737,1
0,1176,814,0,0,-7661396,1
0,1177,814,0,0,-7679577,1
0,1178,814,0,0,-7679747,1
0,1179,814,1,0,-7685785,1
0,1180,814,0,0,-7686683,1
0,1180,815,0,0,-7686928,1
0,1181,815,0,0,-7688132,1
0,1182,815,0,0,-7688725,1
0,1183,815,0,0,-7690256,1
0,1184,815,0,0,-7692486,1
0,1185,815,0,0,-7693867,1
0,1186,815,0,0,-7695468,1
0,1186,816,0,0,-7696918,1
0,1187,816,0,0,-7698811,1
0,1187,817,0,0,-7701482,1
0,1188,817,0,0,-7707771,1
0,1189,817,1,0,-7708430,1
0,1189,818,0,0,-7708646,1
0,1190,818,0,0,-7715845,1
0,1191,818,0,0,-7716005,1
0,1192,818,0,0,-7718556,1
0,1193,818,0,0,-7720765,1
0,1194,818,0,0,-7724931,1
0,1194,819,0,0,-7727218,1
0,1194,820,0,0,-7738311,1
0,1195,820,0,0,-7740754,1
0,1196,820,0,0,-7741723,1
0,1197,820,0,0,-7742561,1
0,1198,820,0,0,-7743224,1
0,1199,820,1,0,-7743655,1
0,1200,820,0,0,-7762593,1
0,1201,820,0,0,-7764351,1
0,1202,820,0,0,-7766585,1
0,1203,820,0,0,-7766868,1
0,1204,820,0,0,-7768793,1
0,1204,821,0,0,-7770943,1
0,1205,821,0,0,-7774970,1
0,1206,821,0,0,-7775659,1
0,1207,821,0,0,-7775821,1
0,1207,822,0,0,-7779702,1
0,1207,823,0,0,-7781239,1
0,1207,824,0,0,-7781710,1
0,1207,825,0,0,-7783647,1
0,1207,826,0,0,-7798824,1
0,1207,827,0,0,-7800119,1
0,1208,827,0,0,-7800266,1
0,1209,827,1,0,-7802840,1
0,1210,827,0,0,-7804218,1
0,1211,827,0,0,-7805308,1
0,1211,828,0,0,-7823281,1
0,1212,828,0,0,-7829171,1
0,1213,828,0,0,-7833672,1
0,1214,828,0,0,-7834265,1
0,1215,828,0,0,-7835796,1
0,1215,829,0,0,-7840439,1
0,1216,829,0,0,-7844239,1
0,1216,830,0,0,-7845950,1
0,1216,831,0,0,-7848159,1
0,1217,831,0,0,-7853438,1
0,1217,832,0,0,-7863595,1
0,1217,833,0,0,-7864656,1
0,1218,833,0,0,-7866212,1
0,1219,833,1,0,-7868533,1
0,1219,834,0,0,-7868841,1
0,1220,834,0,0,-7869853,1
0,1221,834,0,0,-7872258,1
0,1221,835,0,0,-7873553,1
0,1222,835,0,0,-7876034,1
0,1223,835,0,0,-7908201,1
0,1224,835,0,0,-7911105,1
0,1224,836,0,0,-7912568,1
0,1225,836,0,0,-7913317,1
0,1225,837,0,0,-7914264,1
0,1225,838,0,0,-7926464,1
0,1226,838,0,0,-7929559,1
0,1227,838,0,0,-7932141,1
0,1228,838,0,0,-7942025,1
0,1229,838,1,0,-7942614,1
0,1230,838,0,0,-7945729,1
0,1230,839,0,0,-7946777,1
0,1231,839,0,0,-7948308,1
0,1232,839,0,0,-7950240,1
0,1233,839,0,0,-7959648,1
