,agent,opponent
0,1,1
1,2,1
2,2,2
3,2,3
4,3,3
5,4,3
6,5,3
7,5,4
8,6,4
9,7,4
10,7,5
11,7,6
12,8,6
13,9,6
14,10,6
15,11,6
16,12,6
17,13,6
18,14,6
19,15,6
20,16,6
21,17,6
22,17,7
23,17,8
24,18,8
25,19,8
26,20,8
27,21,8
28,22,8
29,23,8
30,23,9
31,23,10
32,23,11
33,23,12
34,24,12
35,25,12
36,26,12
37,26,13
38,27,13
39,28,13
40,28,14
41,29,14
42,30,14
43,31,14
44,32,14
45,33,14
46,33,15
47,34,15
48,34,16
49,35,16
50,36,16
51,37,16
52,38,16
53,39,16
54,39,17
55,39,18
56,40,18
57,41,18
58,41,19
59,41,20
60,42,20
61,42,21
62,43,21
63,44,21
64,44,22
65,44,23
66,44,24
67,44,25
68,45,25
69,45,26
70,45,27
71,45,28
72,46,28
73,46,29
74,46,30
75,46,31
76,47,31
77,47,32
78,48,32
79,48,33
80,49,33
81,50,33
82,51,33
83,52,33
84,52,34
85,52,35
86,52,36
87,52,37
88,52,38
89,52,39
90,53,39
91,53,40
92,54,40
93,55,40
94,56,40
95,57,40
96,57,41
97,57,42
98,57,43
99,58,43
100,59,43
101,59,44
102,59,45
103,59,46
104,59,47
105,60,47
106,61,47
107,62,47
108,62,48
109,63,48
110,63,49
111,64,49
112,64,50
113,65,50
114,65,51
115,66,51
116,67,51
117,67,52
118,68,52
119,68,53
120,69,53
121,70,53
122,71,53
123,71,54
124,71,55
125,72,55
126,72,56
127,72,57
128,73,57
129,73,58
130,73,59
131,73,60
132,74,60
133,74,61
134,75,61
135,76,61
136,76,62
137,77,62
138,77,63
139,78,63
140,78,64
141,78,65
142,78,66
143,78,67
144,78,68
145,79,68
146,80,68
147,81,68
148,81,69
149,82,69
150,83,69
151,84,69
152,84,70
153,84,71
154,85,71
155,85,72
156,85,73
157,86,73
158,86,74
159,87,74
160,88,74
161,89,74
162,90,74
163,91,74
164,92,74
165,92,75
166,93,75
167,94,75
168,94,76
169,95,76
170,95,77
171,96,77
172,97,77
173,97,78
174,97,79
175,98,79
176,98,80
177,98,81
178,98,82
179,99,82
180,99,83
181,99,84
182,100,84
183,100,85
184,101,85
185,101,86
186,102,86
187,102,87
188,103,87
189,104,87
190,104,88
191,105,88
192,105,89
193,106,89
194,106,90
195,107,90
196,108,90
197,109,90
198,110,90
199,111,90
200,111,91
201,111,92
202,112,92
203,113,92
204,114,92
205,115,92
206,116,92
207,117,92
208,117,93
209,117,94
210,117,95
211,118,95
212,119,95
213,120,95
214,121,95
215,121,96
216,121,97
217,122,97
218,122,98
219,122,99
220,122,100
221,122,101
222,123,101
223,124,101
224,124,102
225,125,102
226,125,103
227,125,104
228,125,105
229,125,106
230,125,107
231,126,107
232,126,108
233,127,108
234,127,109
235,127,110
236,128,110
237,128,111
238,128,112
239,129,112
240,130,112
241,131,112
242,132,112
243,133,112
244,133,113
245,134,113
246,135,113
247,136,113
248,136,114
249,136,115
250,137,115
251,138,115
252,138,116
253,139,116
254,140,116
255,141,116
256,141,117
257,141,118
258,141,119
259,142,119
260,143,119
261,143,120
262,144,120
263,144,121
264,144,122
265,145,122
266,146,122
267,146,123
268,146,124
269,146,125
270,147,125
271,148,125
272,148,126
273,148,127
274,148,128
275,149,128
276,149,129
277,149,130
278,149,131
279,150,131
280,150,132
281,151,132
282,151,133
283,151,134
284,152,134
285,153,134
286,153,135
287,153,136
288,154,136
289,155,136
290,156,136
291,157,136
292,158,136
293,159,136
294,159,137
295,159,138
296,159,139
297,159,140
298,160,140
299,160,141
300,160,142
301,160,143
302,161,143
303,161,144
304,162,144
305,162,145
306,163,145
307,164,145
308,164,146
309,165,146
310,166,146
311,166,147
312,167,147
313,167,148
314,167,149
315,168,149
316,169,149
317,169,150
318,170,150
319,171,150
320,172,150
321,173,150
322,174,150
323,174,151
324,174,152
325,174,153
326,175,153
327,176,153
328,177,153
329,178,153
330,178,154
331,178,155
332,178,156
333,178,157
334,179,157
335,179,158
336,179,159
337,179,160
338,179,161
339,179,162
340,179,163
341,180,163
342,180,164
343,181,164
344,182,164
345,182,165
346,183,165
347,183,166
348,183,167
349,183,168
350,183,169
351,183,170
352,183,171
353,183,172
354,184,172
355,184,173
356,184,174
357,185,174
358,185,175
359,186,175
360,186,176
361,186,177
362,186,178
363,187,178
364,188,178
365,189,178
366,190,178
367,190,179
368,190,180
369,191,180
370,192,180
371,193,180
372,193,181
373,194,181
374,195,181
375,196,181
376,197,181
377,197,182
378,197,183
379,198,183
380,198,184
381,198,185
382,199,185
383,199,186
384,200,186
385,200,187
386,200,188
387,201,188
388,202,188
389,202,189
390,202,190
391,202,191
392,202,192
393,203,192
394,204,192
395,204,193
396,204,194
397,204,195
398,205,195
399,206,195
400,206,196
401,206,197
402,207,197
403,207,198
404,208,198
405,209,198
406,209,199
407,210,199
408,211,199
409,212,199
410,212,200
411,212,201
412,213,201
413,213,202
414,214,202
415,214,203
416,215,203
417,216,203
418,216,204
419,216,205
420,217,205
421,218,205
422,219,205
423,220,205
424,220,206
425,220,207
426,220,208
427,220,209
428,221,209
429,221,210
430,222,210
431,223,210
432,224,210
433,225,210
434,226,210
435,226,211
436,226,212
437,226,213
438,227,213
439,228,213
440,228,214
441,229,214
442,229,215
443,229,216
444,229,217
445,229,218
446,230,218
447,230,219
448,230,220
449,230,221
450,231,221
451,231,222
452,232,222
453,233,222
454,233,223
455,233,224
456,233,225
457,234,225
458,235,225
459,236,225
460,237,225
461,238,225
462,238,226
463,239,226
464,240,226
465,240,227
466,240,228
467,241,228
468,241,229
469,242,229
470,243,229
471,244,229
472,245,229
473,245,230
474,245,231
475,245,232
476,245,233
477,245,234
478,246,234
479,246,235
480,247,235
481,248,235
482,248,236
483,248,237
484,248,238
485,249,238
486,249,239
487,249,240
488,250,240
489,250,241
490,251,241
491,251,242
492,252,242
493,252,243
494,252,244
495,252,245
496,252,246
497,253,246
498,254,246
499,255,246
500,256,246
501,256,247
502,257,247
503,258,247
504,259,247
505,260,247
506,260,248
507,261,248
508,262,248
509,263,248
510,263,249
511,263,250
512,263,251
513,264,251
514,265,251
515,265,252
516,265,253
517,265,254
518,266,254
519,266,255
520,267,255
521,268,255
522,268,256
523,269,256
524,270,256
525,271,256
526,272,256
527,273,256
528,273,257
529,274,257
530,275,257
531,276,257
532,276,258
533,277,258
534,277,259
535,278,259
536,278,260
537,278,261
538,279,261
539,280,261
540,280,262
541,281,262
542,282,262
543,282,263
544,282,264
545,283,264
546,283,265
547,283,266
548,283,267
549,284,267
550,285,267
551,285,268
552,286,268
553,287,268
554,287,269
555,288,269
556,289,269
557,290,269
558,291,269
559,291,270
560,291,271
561,292,271
562,292,272
563,292,273
564,293,273
565,293,274
566,294,274
567,294,275
568,294,276
569,295,276
570,296,276
571,296,277
572,297,277
573,297,278
574,297,279
575,297,280
576,298,280
577,299,280
578,299,281
579,299,282
580,299,283
581,299,284
582,299,285
583,300,285
584,300,286
585,301,286
586,302,286
587,302,287
588,303,287
589,303,288
590,303,289
591,304,289
592,305,289
593,306,289
594,306,290
595,306,291
596,306,292
597,306,293
598,307,293
599,307,294
600,307,295
601,308,295
602,309,295
603,309,296
604,310,296
605,310,297
606,311,297
607,312,297
608,313,297
609,313,298
610,313,299
611,314,299
612,315,299
613,315,300
614,316,300
615,316,301
616,316,302
617,317,302
618,318,302
619,318,303
620,318,304
621,319,304
622,320,304
623,321,304
624,322,304
625,322,305
626,322,306
627,323,306
628,324,306
629,324,307
630,325,307
631,326,307
632,326,308
633,327,308
634,328,308
635,328,309
636,329,309
637,330,309
638,330,310
639,330,311
640,331,311
641,332,311
642,332,312
643,333,312
644,333,313
645,334,313
646,335,313
647,335,314
648,336,314
649,337,314
650,337,315
651,337,316
652,337,317
653,338,317
654,338,318
655,338,319
656,339,319
657,339,320
658,340,320
659,341,320
660,341,321
661,342,321
662,343,321
663,344,321
664,344,322
665,344,323
666,345,323
667,346,323
668,346,324
669,346,325
670,346,326
671,347,326
672,348,326
673,349,326
674,350,326
675,350,327
676,351,327
677,352,327
678,352,328
679,353,328
680,353,329
681,353,330
682,354,330
683,354,331
684,355,331
685,356,331
686,356,332
687,357,332
688,357,333
689,358,333
690,359,333
691,360,333
692,360,334
693,361,334
694,362,334
695,363,334
696,364,334
697,364,335
698,365,335
699,365,336
700,366,336
701,366,337
702,367,337
703,367,338
704,368,338
705,368,339
706,369,339
707,369,340
708,369,341
709,369,342
710,370,342
711,370,343
712,371,343
713,371,344
714,372,344
715,373,344
716,374,344
717,374,345
718,375,345
719,376,345
720,377,345
721,378,345
722,379,345
723,379,346
724,380,346
725,381,346
726,382,346
727,382,347
728,383,347
729,384,347
730,384,348
731,385,348
732,385,349
733,385,350
734,386,350
735,386,351
736,386,352
737,386,353
738,386,354
739,386,355
740,386,356
741,386,357
742,386,358
743,387,358
744,387,359
745,388,359
746,389,359
747,389,360
748,389,361
749,390,361
750,391,361
751,391,362
752,392,362
753,392,363
754,393,363
755,394,363
756,395,363
757,396,363
758,397,363
759,397,364
760,397,365
761,398,365
762,398,366
763,398,367
764,398,368
765,398,369
766,398,370
767,399,370
768,400,370
769,401,370
770,402,370
771,403,370
772,404,370
773,405,370
774,405,371
775,406,371
776,407,371
777,408,371
778,409,371
779,410,371
780,410,372
781,410,373
782,410,374
783,411,374
784,411,375
785,412,375
786,412,376
787,413,376
788,413,377
789,413,378
790,413,379
791,414,379
792,414,380
793,415,380
794,415,381
795,415,382
796,416,382
797,417,382
798,418,382
799,419,382
800,419,383
801,420,383
802,420,384
803,420,385
804,421,385
805,421,386
806,421,387
807,422,387
808,423,387
809,423,388
810,424,388
811,425,388
812,425,389
813,426,389
814,426,390
815,427,390
816,427,391
817,427,392
818,428,392
819,429,392
820,429,393
821,430,393
822,430,394
823,431,394
824,432,394
825,432,395
826,433,395
827,434,395
828,435,395
829,435,396
830,435,397
831,436,397
832,436,398
833,437,398
834,437,399
835,438,399
836,439,399
837,440,399
838,440,400
839,440,401
840,441,401
841,441,402
842,441,403
843,442,403
844,443,403
845,444,403
846,444,404
847,445,404
848,446,404
849,447,404
850,447,405
851,447,406
852,447,407
853,448,407
854,449,407
855,449,408
856,449,409
857,449,410
858,450,410
859,451,410
860,451,411
861,452,411
862,453,411
863,454,411
864,454,412
865,454,413
866,455,413
867,455,414
868,456,414
869,457,414
870,458,414
871,459,414
872,459,415
873,459,416
874,459,417
875,460,417
876,460,418
877,460,419
878,460,420
879,461,420
880,461,421
881,462,421
882,462,422
883,463,422
884,464,422
885,465,422
886,466,422
887,466,423
888,467,423
889,468,423
890,468,424
891,469,424
892,470,424
893,471,424
894,471,425
895,472,425
896,472,426
897,473,426
898,474,426
899,475,426
900,476,426
901,477,426
902,477,427
903,477,428
904,478,428
905,478,429
906,479,429
907,479,430
908,479,431
909,480,431
910,480,432
911,481,432
912,482,432
913,482,433
914,482,434
915,482,435
916,482,436
917,482,437
918,483,437
919,483,438
920,484,438
921,485,438
922,485,439
923,485,440
924,485,441
925,485,442
926,486,442
927,486,443
928,487,443
929,487,444
930,487,445
931,488,445
932,489,445
933,489,446
934,490,446
935,490,447
936,491,447
937,492,447
938,492,448
939,492,449
940,492,450
941,492,451
942,493,451
943,494,451
944,494,452
945,494,453
946,495,453
947,496,453
948,497,453
949,498,453
950,498,454
951,498,455
952,499,455
953,500,455
954,501,455
955,502,455
956,503,455
957,504,455
958,505,455
959,506,455
960,507,455
961,508,455
962,509,455
963,510,455
964,510,456
965,511,456
966,512,456
967,513,456
968,514,456
969,514,457
970,515,457
971,516,457
972,517,457
973,518,457
974,518,458
975,518,459
976,518,460
977,519,460
978,520,460
979,520,461
980,520,462
981,521,462
982,521,463
983,522,463
984,523,463
985,524,463
986,525,463
987,525,464
988,526,464
989,526,465
990,527,465
991,528,465
992,529,465
993,530,465
994,530,466
995,531,466
996,532,466
997,532,467
998,532,468
999,533,468
1000,534,468
1001,535,468
1002,536,468
1003,537,468
1004,537,469
1005,537,470
1006,538,470
1007,539,470
1008,539,471
1009,540,471
1010,540,472
1011,541,472
1012,542,472
1013,542,473
1014,543,473
1015,543,474
1016,544,474
1017,545,474
1018,546,474
1019,547,474
1020,548,474
1021,549,474
1022,550,474
1023,551,474
1024,552,474
1025,552,475
1026,552,476
1027,553,476
1028,554,476
1029,555,476
1030,556,476
1031,557,476
1032,557,477
1033,557,478
1034,558,478
1035,559,478
1036,560,478
1037,561,478
1038,562,478
1039,563,478
1040,564,478
1041,565,478
1042,566,478
1043,567,478
1044,568,478
1045,569,478
1046,570,478
1047,571,478
1048,572,478
1049,572,479
1050,572,480
1051,573,480
1052,574,480
1053,575,480
1054,576,480
1055,577,480
1056,578,480
1057,579,480
1058,580,480
1059,581,480
1060,582,480
1061,583,480
1062,584,480
1063,584,481
1064,585,481
1065,586,481
1066,586,482
1067,587,482
1068,588,482
1069,589,482
1070,590,482
1071,590,483
1072,590,484
1073,591,484
1074,592,484
1075,592,485
1076,592,486
1077,593,486
1078,594,486
1079,595,486
1080,596,486
1081,597,486
1082,597,487
1083,597,488
1084,598,488
1085,598,489
1086,598,490
1087,598,491
1088,599,491
1089,600,491
1090,600,492
1091,600,493
1092,601,493
1093,602,493
1094,603,493
1095,604,493
1096,605,493
1097,606,493
1098,606,494
1099,606,495
1100,607,495
1101,608,495
1102,609,495
1103,610,495
1104,611,495
1105,611,496
1106,611,497
1107,612,497
1108,613,497
1109,614,497
1110,614,498
1111,614,499
1112,615,499
1113,616,499
1114,617,499
1115,618,499
1116,619,499
1117,620,499
1118,621,499
1119,621,500
1120,622,500
1121,623,500
1122,623,501
1123,623,502
1124,624,502
1125,625,502
1126,626,502
1127,627,502
1128,628,502
1129,628,503
1130,628,504
1131,629,504
1132,630,504
1133,630,505
1134,631,505
1135,632,505
1136,633,505
1137,634,505
1138,634,506
1139,635,506
1140,636,506
1141,637,506
1142,638,506
1143,639,506
1144,640,506
1145,641,506
1146,642,506
1147,643,506
1148,644,506
1149,645,506
1150,646,506
1151,647,506
1152,647,507
1153,648,507
1154,648,508
1155,649,508
1156,650,508
1157,650,509
1158,651,509
1159,652,509
1160,653,509
1161,653,510
1162,654,510
1163,655,510
1164,656,510
1165,656,511
1166,657,511
1167,658,511
1168,658,512
1169,659,512
1170,660,512
1171,661,512
1172,662,512
1173,662,513
1174,662,514
1175,663,514
1176,664,514
1177,664,515
1178,664,516
1179,665,516
1180,666,516
1181,666,517
1182,666,518
1183,667,518
1184,668,518
1185,669,518
1186,670,518
1187,671,518
1188,671,519
1189,672,519
1190,673,519
1191,673,520
1192,673,521
1193,674,521
1194,675,521
1195,676,521
1196,677,521
1197,678,521
1198,679,521
1199,680,521
1200,681,521
1201,682,521
1202,683,521
1203,684,521
1204,685,521
1205,686,521
1206,687,521
1207,688,521
1208,688,522
1209,689,522
1210,690,522
1211,690,523
1212,691,523
1213,692,523
1214,693,523
1215,694,523
1216,695,523
1217,695,524
1218,695,525
1219,696,525
1220,697,525
1221,698,525
1222,699,525
1223,700,525
1224,700,526
1225,700,527
1226,700,528
1227,701,528
1228,702,528
1229,703,528
1230,704,528
1231,705,528
1232,705,529
1233,706,529
1234,707,529
1235,708,529
1236,709,529
1237,709,530
1238,710,530
1239,711,530
1240,712,530
1241,712,531
1242,713,531
1243,714,531
1244,714,532
1245,714,533
1246,715,533
1247,716,533
1248,717,533
1249,717,534
1250,718,534
1251,719,534
1252,720,534
1253,720,535
1254,720,536
1255,721,536
1256,721,537
1257,722,537
1258,723,537
1259,724,537
1260,724,538
1261,724,539
1262,725,539
1263,726,539
1264,727,539
1265,728,539
1266,729,539
1267,729,540
1268,730,540
1269,731,540
1270,732,540
1271,732,541
1272,732,542
1273,733,542
1274,734,542
1275,734,543
1276,735,543
1277,736,543
1278,736,544
1279,736,545
1280,737,545
1281,738,545
1282,739,545
1283,739,546
1284,739,547
1285,739,548
1286,740,548
1287,741,548
1288,742,548
1289,743,548
1290,744,548
1291,745,548
1292,746,548
1293,747,548
1294,748,548
1295,748,549
1296,748,550
1297,748,551
1298,749,551
1299,750,551
1300,750,552
1301,751,552
1302,752,552
1303,753,552
1304,754,552
1305,755,552
1306,755,553
1307,756,553
1308,757,553
1309,757,554
1310,758,554
1311,758,555
1312,759,555
1313,759,556
1314,760,556
1315,761,556
1316,761,557
1317,761,558
1318,761,559
1319,762,559
1320,763,559
1321,764,559
1322,765,559
1323,766,559
1324,766,560
1325,767,560
1326,768,560
1327,769,560
1328,770,560
1329,771,560
1330,771,561
1331,772,561
1332,773,561
1333,774,561
1334,775,561
1335,775,562
1336,776,562
1337,777,562
1338,778,562
1339,779,562
1340,780,562
1341,781,562
1342,782,562
1343,783,562
1344,784,562
1345,785,562
1346,786,562
1347,787,562
1348,787,563
1349,788,563
1350,789,563
1351,789,564
1352,790,564
1353,790,565
1354,790,566
1355,790,567
1356,790,568
1357,791,568
1358,791,569
1359,791,570
1360,791,571
1361,791,572
1362,791,573
1363,791,574
1364,792,574
1365,793,574
1366,794,574
1367,795,574
1368,796,574
1369,797,574
1370,797,575
1371,798,575
1372,798,576
1373,799,576
1374,799,577
1375,800,577
1376,800,578
1377,801,578
1378,801,579
1379,801,580
1380,801,581
1381,801,582
1382,802,582
1383,803,582
1384,803,583
1385,803,584
1386,803,585
1387,803,586
1388,804,586
1389,804,587
1390,805,587
1391,805,588
1392,805,589
1393,805,590
1394,806,590
1395,806,591
1396,806,592
1397,806,593
1398,806,594
1399,806,595
1400,807,595
1401,808,595
1402,808,596
1403,809,596
1404,809,597
1405,810,597
1406,810,598
1407,811,598
1408,812,598
1409,812,599
1410,812,600
1411,812,601
1412,813,601
1413,814,601
1414,815,601
1415,816,601
1416,816,602
1417,816,603
1418,817,603
1419,818,603
1420,819,603
1421,820,603
1422,821,603
1423,821,604
1424,822,604
1425,823,604
1426,823,605
1427,823,606
1428,823,607
1429,823,608
1430,823,609
1431,824,609
1432,824,610
1433,824,611
1434,824,612
1435,825,612
1436,826,612
1437,827,612
1438,828,612
1439,828,613
1440,829,613
1441,829,614
1442,830,614
1443,830,615
1444,831,615
1445,832,615
1446,833,615
1447,833,616
1448,834,616
1449,834,617
1450,835,617
1451,836,617
1452,836,618
1453,837,618
1454,838,618
1455,839,618
1456,840,618
1457,840,619
1458,840,620
1459,840,621
1460,841,621
1461,841,622
1462,842,622
1463,842,623
1464,843,623
1465,844,623
1466,845,623
1467,846,623
1468,847,623
1469,848,623
1470,848,624
1471,849,624
1472,850,624
1473,851,624
1474,851,625
1475,852,625
1476,853,625
1477,853,626
1478,854,626
1479,855,626
1480,856,626
1481,856,627
1482,857,627
1483,858,627
1484,858,628
1485,859,628
1486,859,629
1487,859,630
1488,860,630
1489,861,630
1490,861,631
1491,861,632
1492,861,633
1493,862,633
1494,863,633
1495,864,633
1496,864,634
1497,864,635
1498,864,636
1499,865,636
1500,865,637
1501,865,638
1502,865,639
1503,866,639
1504,866,640
1505,867,640
1506,867,641
1507,868,641
1508,868,642
1509,868,643
1510,868,644
1511,868,645
1512,869,645
1513,869,646
1514,869,647
1515,870,647
1516,870,648
1517,871,648
1518,871,649
1519,872,649
1520,873,649
1521,873,650
1522,873,651
1523,874,651
1524,874,652
1525,875,652
1526,876,652
1527,876,653
1528,876,654
1529,877,654
1530,878,654
1531,879,654
1532,880,654
1533,881,654
1534,882,654
1535,882,655
1536,882,656
1537,882,657
1538,883,657
1539,884,657
1540,884,658
1541,885,658
1542,886,658
1543,886,659
1544,886,660
1545,886,661
1546,886,662
1547,887,662
1548,888,662
1549,889,662
1550,889,663
1551,890,663
1552,891,663
1553,891,664
1554,892,664
1555,893,664
1556,893,665
1557,894,665
1558,895,665
1559,895,666
1560,895,667
1561,896,667
1562,897,667
1563,898,667
1564,899,667
1565,899,668
1566,899,669
1567,900,669
1568,901,669
1569,902,669
1570,902,670
1571,902,671
1572,903,671
1573,903,672
1574,904,672
1575,904,673
1576,904,674
1577,904,675
1578,905,675
1579,906,675
1580,906,676
1581,906,677
1582,907,677
1583,907,678
1584,907,679
1585,907,680
1586,908,680
1587,908,681
1588,908,682
1589,909,682
1590,910,682
1591,910,683
1592,911,683
1593,911,684
1594,911,685
1595,911,686
1596,911,687
1597,912,687
1598,913,687
1599,913,688
1600,914,688
1601,915,688
1602,916,688
1603,916,689
1604,917,689
1605,917,690
1606,918,690
1607,918,691
1608,918,692
1609,919,692
1610,919,693
1611,920,693
1612,920,694
1613,920,695
1614,920,696
1615,920,697
1616,920,698
1617,920,699
1618,921,699
1619,922,699
1620,922,700
1621,922,701
1622,922,702
1623,923,702
1624,923,703
1625,923,704
1626,924,704
1627,924,705
1628,925,705
1629,926,705
1630,927,705
1631,928,705
1632,929,705
1633,930,705
1634,931,705
1635,931,706
1636,931,707
1637,932,707
1638,932,708
1639,933,708
1640,934,708
1641,935,708
1642,936,708
1643,936,709
1644,937,709
1645,938,709
1646,938,710
1647,938,711
1648,938,712
1649,938,713
1650,938,714
1651,939,714
1652,940,714
1653,941,714
1654,941,715
1655,941,716
1656,942,716
1657,942,717
1658,942,718
1659,943,718
1660,944,718
1661,944,719
1662,945,719
1663,946,719
1664,947,719
1665,948,719
1666,949,719
1667,950,719
1668,950,720
1669,950,721
1670,950,722
1671,950,723
1672,951,723
1673,952,723
1674,952,724
1675,953,724
1676,953,725
1677,954,725
1678,954,726
1679,955,726
1680,955,727
1681,956,727
1682,956,728
1683,957,728
1684,957,729
1685,958,729
1686,958,730
1687,959,730
1688,960,730
1689,960,731
1690,961,731
1691,962,731
1692,963,731
1693,964,731
1694,964,732
1695,965,732
1696,966,732
1697,967,732
1698,967,733
1699,967,734
1700,968,734
1701,968,735
1702,968,736
1703,969,736
1704,970,736
1705,971,736
1706,972,736
1707,973,736
1708,974,736
1709,975,736
1710,975,737
1711,976,737
1712,976,738
1713,976,739
1714,977,739
1715,977,740
1716,978,740
1717,979,740
1718,979,741
1719,980,741
1720,980,742
1721,980,743
1722,981,743
1723,982,743
1724,983,743
1725,983,744
1726,984,744
1727,984,745
1728,985,745
1729,986,745
1730,987,745
1731,987,746
1732,988,746
1733,989,746
1734,989,747
1735,989,748
1736,990,748
1737,991,748
1738,992,748
1739,992,749
1740,993,749
1741,994,749
1742,994,750
1743,994,751
1744,995,751
1745,995,752
1746,996,752
1747,996,753
1748,997,753
1749,997,754
1750,997,755
1751,997,756
1752,998,756
1753,998,757
1754,999,757
1755,999,758
1756,1000,758
1757,1001,758
1758,1001,759
1759,1001,760
1760,1002,760
1761,1003,760
1762,1003,761
1763,1004,761
1764,1004,762
1765,1005,762
1766,1006,762
1767,1006,763
1768,1007,763
1769,1008,763
1770,1008,764
1771,1009,764
1772,1010,764
1773,1010,765
1774,1011,765
1775,1011,766
1776,1011,767
1777,1012,767
1778,1012,768
1779,1013,768
1780,1013,769
1781,1013,770
1782,1013,771
1783,1013,772
1784,1014,772
1785,1015,772
1786,1015,773
1787,1016,773
1788,1017,773
1789,1018,773
1790,1019,773
1791,1019,774
1792,1019,775
1793,1020,775
1794,1021,775
1795,1022,775
1796,1022,776
1797,1023,776
1798,1023,777
1799,1024,777
1800,1024,778
1801,1025,778
1802,1025,779
1803,1026,779
1804,1026,780
1805,1026,781
1806,1027,781
1807,1027,782
1808,1027,783
1809,1028,783
1810,1029,783
1811,1030,783
1812,1031,783
1813,1031,784
1814,1031,785
1815,1032,785
1816,1032,786
1817,1032,787
1818,1033,787
1819,1034,787
1820,1034,788
1821,1034,789
1822,1035,789
1823,1035,790
1824,1035,791
1825,1035,792
1826,1035,793
1827,1035,794
1828,1036,794
1829,1036,795
1830,1036,796
1831,1037,796
1832,1037,797
1833,1037,798
1834,1038,798
1835,1038,799
1836,1039,799
1837,1040,799
1838,1040,800
1839,1041,800
1840,1041,801
1841,1041,802
1842,1042,802
1843,1042,803
1844,1043,803
1845,1044,803
1846,1045,803
1847,1045,804
1848,1046,804
1849,1046,805
1850,1047,805
1851,1047,806
1852,1048,806
1853,1049,806
1854,1050,806
1855,1051,806
1856,1051,807
1857,1052,807
1858,1053,807
1859,1054,807
1860,1055,807
1861,1055,808
1862,1055,809
1863,1056,809
1864,1056,810
1865,1057,810
1866,1057,811
1867,1058,811
1868,1059,811
1869,1060,811
1870,1061,811
1871,1061,812
1872,1061,813
1873,1061,814
1874,1062,814
1875,1062,815
1876,1063,815
1877,1064,815
1878,1064,816
1879,1065,816
1880,1066,816
1881,1066,817
1882,1067,817
1883,1068,817
1884,1068,818
1885,1069,818
1886,1069,819
1887,1070,819
1888,1070,820
1889,1071,820
1890,1072,820
1891,1073,820
1892,1073,821
1893,1074,821
1894,1074,822
1895,1074,823
1896,1074,824
1897,1075,824
1898,1075,825
1899,1076,825
1900,1077,825
1901,1078,825
1902,1079,825
1903,1079,826
1904,1080,826
1905,1080,827
1906,1081,827
1907,1081,828
1908,1081,829
1909,1081,830
1910,1082,830
1911,1082,831
1912,1082,832
1913,1083,832
1914,1083,833
1915,1084,833
1916,1084,834
1917,1084,835
1918,1085,835
1919,1085,836
1920,1086,836
1921,1086,837
1922,1087,837
1923,1087,838
1924,1088,838
1925,1089,838
1926,1089,839
1927,1090,839
1928,1090,840
1929,1091,840
1930,1091,841
1931,1092,841
1932,1093,841
1933,1093,842
1934,1093,843
1935,1093,844
1936,1094,844
1937,1095,844
1938,1095,845
1939,1095,846
1940,1096,846
1941,1096,847
1942,1096,848
1943,1096,849
1944,1096,850
1945,1096,851
1946,1096,852
1947,1096,853
1948,1096,854
1949,1097,854
1950,1097,855
1951,1097,856
1952,1097,857
1953,1097,858
1954,1098,858
1955,1098,859
1956,1098,860
1957,1099,860
1958,1100,860
1959,1101,860
1960,1101,861
1961,1102,861
1962,1102,862
1963,1103,862
1964,1104,862
1965,1104,863
1966,1105,863
1967,1106,863
1968,1107,863
1969,1107,864
1970,1108,864
1971,1108,865
1972,1108,866
1973,1108,867
1974,1109,867
1975,1110,867
1976,1110,868
1977,1111,868
1978,1111,869
1979,1112,869
1980,1113,869
1981,1113,870
1982,1114,870
1983,1115,870
1984,1116,870
1985,1116,871
1986,1116,872
1987,1116,873
1988,1116,874
1989,1117,874
1990,1117,875
1991,1118,875
1992,1118,876
1993,1119,876
1994,1119,877
1995,1120,877
1996,1120,878
1997,1120,879
1998,1121,879
1999,1121,880
2000,1121,881
2001,1122,881
2002,1123,881
2003,1124,881
2004,1125,881
2005,1125,882
2006,1125,883
2007,1126,883
2008,1126,884
2009,1127,884
2010,1127,885
2011,1127,886
2012,1128,886
2013,1128,887
2014,1128,888
2015,1129,888
2016,1129,889
2017,1130,889
2018,1131,889
2019,1131,890
2020,1131,891
2021,1132,891
2022,1132,892
2023,1132,893
2024,1133,893
2025,1133,894
2026,1133,895
2027,1134,895
2028,1134,896
2029,1135,896
2030,1135,897
2031,1136,897
2032,1137,897
2033,1138,897
2034,1139,897
2035,1140,897
2036,1141,897
2037,1141,898
2038,1142,898
2039,1143,898
2040,1144,898
2041,1144,899
2042,1144,900
2043,1145,900
2044,1145,901
2045,1146,901
2046,1147,901
2047,1147,902
2048,1148,902
2049,1149,902
2050,1150,902
2051,1150,903
2052,1151,903
2053,1151,904
2054,1151,905
2055,1151,906
2056,1151,907
2057,1151,908
2058,1152,908
2059,1152,909
2060,1152,910
2061,1152,911
2062,1153,911
2063,1154,911
2064,1155,911
2065,1155,912
2066,1155,913
2067,1155,914
2068,1155,915
2069,1156,915
2070,1156,916
2071,1157,916
2072,1158,916
2073,1158,917
2074,1159,917
2075,1160,917
2076,1160,918
2077,1160,919
2078,1160,920
2079,1161,920
2080,1161,921
2081,1162,921
2082,1162,922
2083,1163,922
2084,1164,922
2085,1164,923
2086,1165,923
2087,1165,924
2088,1166,924
2089,1167,924
2090,1167,925
2091,1167,926
2092,1168,926
2093,1169,926
2094,1169,927
2095,1170,927
2096,1170,928
2097,1171,928
2098,1172,928
2099,1173,928
2100,1173,929
2101,1174,929
2102,1174,930
2103,1174,931
2104,1174,932
2105,1174,933
2106,1175,933
2107,1175,934
2108,1175,935
2109,1176,935
2110,1177,935
2111,1178,935
2112,1179,935
2113,1180,935
2114,1180,936
2115,1181,936
2116,1181,937
2117,1182,937
2118,1183,937
2119,1183,938
2120,1183,939
2121,1183,940
2122,1183,941
2123,1183,942
2124,1184,942
2125,1185,942
2126,1186,942
2127,1187,942
2128,1187,943
2129,1187,944
2130,1188,944
2131,1188,945
2132,1189,945
2133,1190,945
2134,1191,945
2135,1192,945
2136,1192,946
2137,1193,946
2138,1194,946
2139,1195,946
2140,1195,947
2141,1195,948
2142,1196,948
2143,1196,949
2144,1197,949
2145,1197,950
2146,1197,951
2147,1197,952
2148,1198,952
2149,1198,953
2150,1199,953
2151,1199,954
2152,1199,955
2153,1200,955
2154,1201,955
2155,1201,956
2156,1201,957
2157,1201,958
2158,1202,958
2159,1202,959
2160,1202,960
2161,1203,960
2162,1204,960
2163,1204,961
2164,1204,962
2165,1205,962
2166,1206,962
2167,1206,963
2168,1207,963
2169,1207,964
2170,1207,965
2171,1207,966
2172,1208,966
2173,1209,966
2174,1210,966
2175,1210,967
2176,1210,968
2177,1210,969
2178,1210,970
2179,1210,971
2180,1210,972
2181,1210,973
2182,1211,973
2183,1211,974
2184,1211,975
2185,1212,975
2186,1213,975
2187,1214,975
2188,1215,975
2189,1216,975
2190,1217,975
2191,1218,975
2192,1219,975
2193,1220,975
2194,1220,976
2195,1221,976
2196,1222,976
2197,1223,976
2198,1223,977
2199,1223,978
2200,1223,979
2201,1224,979
2202,1224,980
2203,1225,980
2204,1225,981
2205,1226,981
2206,1227,981
2207,1227,982
2208,1228,982
2209,1228,983
2210,1229,983
2211,1229,984
2212,1230,984
2213,1231,984
2214,1231,985
2215,1231,986
2216,1232,986
2217,1232,987
2218,1232,988
2219,1233,988
2220,1233,989
2221,1234,989
2222,1235,989
2223,1235,990
2224,1236,990
2225,1237,990
2226,1238,990
2227,1239,990
2228,1240,990
2229,1240,991
2230,1240,992
2231,1240,993
2232,1241,993
2233,1241,994
2234,1241,995
2235,1242,995
2236,1242,996
2237,1242,997
2238,1242,998
2239,1243,998
2240,1243,999
2241,1243,1000
2242,1244,1000
2243,1245,1000
2244,1245,1001
2245,1245,1002
2246,1246,1002
2247,1247,1002
2248,1248,1002
2249,1249,1002
2250,1250,1002
2251,1251,1002
2252,1252,1002
2253,1253,1002
2254,1254,1002
2255,1255,1002
2256,1255,1003
2257,1256,1003
2258,1257,1003
2259,1258,1003
2260,1259,1003
2261,1259,1004
2262,1260,1004
2263,1261,1004
2264,1262,1004
2265,1262,1005
2266,1263,1005
2267,1264,1005
2268,1265,1005
2269,1265,1006
2270,1266,1006
2271,1267,1006
2272,1267,1007
2273,1268,1007
2274,1269,1007
2275,1269,1008
2276,1270,1008
2277,1271,1008
2278,1272,1008
2279,1273,1008
2280,1274,1008
2281,1274,1009
2282,1275,1009
2283,1276,1009
2284,1276,1010
2285,1276,1011
2286,1277,1011
2287,1278,1011
2288,1279,1011
2289,1280,1011
2290,1281,1011
2291,1282,1011
2292,1282,1012
2293,1282,1013
2294,1283,1013
2295,1284,1013
2296,1285,1013
2297,1286,1013
2298,1286,1014
2299,1287,1014
2300,1288,1014
2301,1288,1015
2302,1288,1016
2303,1289,1016
2304,1290,1016
2305,1290,1017
2306,1291,1017
2307,1292,1017
2308,1292,1018
2309,1293,1018
2310,1294,1018
2311,1295,1018
2312,1296,1018
2313,1296,1019
2314,1296,1020
2315,1297,1020
2316,1298,1020
2317,1299,1020
2318,1300,1020
2319,1300,1021
2320,1300,1022
2321,1301,1022
2322,1302,1022
2323,1302,1023
2324,1303,1023
2325,1304,1023
2326,1304,1024
2327,1304,1025
2328,1305,1025
2329,1306,1025
2330,1307,1025
2331,1308,1025
2332,1309,1025
2333,1310,1025
2334,1310,1026
2335,1311,1026
2336,1312,1026
2337,1312,1027
2338,1313,1027
2339,1314,1027
2340,1315,1027
2341,1316,1027
2342,1317,1027
2343,1318,1027
2344,1319,1027
2345,1320,1027
2346,1320,1028
2347,1321,1028
2348,1322,1028
2349,1323,1028
2350,1324,1028
2351,1325,1028
2352,1326,1028
2353,1326,1029
2354,1327,1029
2355,1328,1029
2356,1329,1029
2357,1330,1029
2358,1331,1029
2359,1331,1030
2360,1332,1030
2361,1332,1031
2362,1333,1031
2363,1334,1031
2364,1334,1032
2365,1334,1033
2366,1335,1033
2367,1336,1033
2368,1337,1033
2369,1338,1033
2370,1339,1033
2371,1339,1034
2372,1339,1035
2373,1340,1035
2374,1341,1035
2375,1341,1036
2376,1341,1037
2377,1342,1037
2378,1343,1037
2379,1344,1037
2380,1345,1037
2381,1346,1037
2382,1346,1038
2383,1347,1038
2384,1348,1038
2385,1349,1038
2386,1350,1038
2387,1350,1039
2388,1351,1039
2389,1352,1039
2390,1353,1039
2391,1354,1039
2392,1355,1039
2393,1355,1040
2394,1356,1040
2395,1356,1041
2396,1357,1041
2397,1358,1041
2398,1359,1041
2399,1360,1041
2400,1361,1041
2401,1361,1042
2402,1361,1043
2403,1361,1044
2404,1362,1044
2405,1363,1044
2406,1363,1045
2407,1364,1045
2408,1365,1045
2409,1365,1046
2410,1365,1047
2411,1366,1047
2412,1367,1047
2413,1367,1048
2414,1368,1048
2415,1369,1048
2416,1370,1048
2417,1371,1048
2418,1371,1049
2419,1372,1049
2420,1372,1050
2421,1373,1050
2422,1374,1050
2423,1374,1051
2424,1374,1052
2425,1374,1053
2426,1374,1054
2427,1375,1054
2428,1376,1054
2429,1377,1054
2430,1377,1055
2431,1377,1056
2432,1378,1056
2433,1379,1056
2434,1379,1057
2435,1379,1058
2436,1380,1058
2437,1381,1058
2438,1381,1059
2439,1382,1059
2440,1382,1060
2441,1382,1061
2442,1383,1061
2443,1384,1061
2444,1384,1062
2445,1385,1062
2446,1385,1063
2447,1385,1064
2448,1386,1064
2449,1387,1064
2450,1388,1064
2451,1389,1064
2452,1390,1064
2453,1390,1065
2454,1391,1065
2455,1392,1065
2456,1392,1066
2457,1392,1067
2458,1393,1067
2459,1394,1067
2460,1395,1067
2461,1396,1067
2462,1397,1067
2463,1398,1067
2464,1399,1067
2465,1400,1067
2466,1401,1067
2467,1402,1067
2468,1403,1067
2469,1404,1067
2470,1405,1067
2471,1406,1067
2472,1407,1067
2473,1408,1067
2474,1408,1068
2475,1409,1068
2476,1409,1069
2477,1409,1070
2478,1409,1071
2479,1410,1071
2480,1410,1072
2481,1410,1073
2482,1410,1074
2483,1410,1075
2484,1411,1075
2485,1412,1075
2486,1412,1076
2487,1412,1077
2488,1413,1077
2489,1414,1077
2490,1415,1077
2491,1416,1077
2492,1417,1077
2493,1418,1077
2494,1419,1077
2495,1420,1077
2496,1421,1077
2497,1422,1077
2498,1423,1077
2499,1424,1077
2500,1425,1077
2501,1425,1078
2502,1425,1079
2503,1426,1079
2504,1426,1080
2505,1427,1080
2506,1428,1080
2507,1429,1080
2508,1430,1080
2509,1430,1081
2510,1431,1081
2511,1432,1081
2512,1432,1082
2513,1432,1083
2514,1433,1083
2515,1434,1083
2516,1435,1083
2517,1436,1083
2518,1437,1083
2519,1438,1083
2520,1439,1083
2521,1440,1083
2522,1441,1083
2523,1442,1083
2524,1443,1083
2525,1443,1084
2526,1443,1085
2527,1444,1085
2528,1445,1085
2529,1445,1086
2530,1446,1086
2531,1447,1086
2532,1447,1087
2533,1447,1088
2534,1448,1088
2535,1449,1088
2536,1450,1088
2537,1451,1088
2538,1452,1088
2539,1452,1089
2540,1453,1089
2541,1454,1089
2542,1455,1089
2543,1455,1090
2544,1456,1090
2545,1457,1090
2546,1458,1090
2547,1459,1090
2548,1459,1091
2549,1460,1091
2550,1461,1091
2551,1461,1092
2552,1462,1092
2553,1463,1092
2554,1463,1093
2555,1463,1094
2556,1464,1094
2557,1465,1094
2558,1465,1095
2559,1465,1096
2560,1466,1096
2561,1467,1096
2562,1468,1096
2563,1469,1096
2564,1470,1096
2565,1470,1097
2566,1470,1098
2567,1471,1098
2568,1472,1098
2569,1472,1099
2570,1472,1100
2571,1473,1100
2572,1474,1100
2573,1475,1100
2574,1476,1100
2575,1477,1100
2576,1478,1100
2577,1478,1101
2578,1479,1101
2579,1480,1101
2580,1480,1102
2581,1480,1103
2582,1481,1103
2583,1481,1104
2584,1482,1104
2585,1482,1105
2586,1482,1106
2587,1483,1106
2588,1484,1106
2589,1485,1106
2590,1486,1106
2591,1486,1107
2592,1486,1108
2593,1487,1108
2594,1488,1108
2595,1489,1108
2596,1490,1108
2597,1491,1108
2598,1491,1109
2599,1492,1109
2600,1493,1109
2601,1493,1110
2602,1494,1110
2603,1495,1110
2604,1496,1110
2605,1497,1110
2606,1498,1110
2607,1498,1111
2608,1498,1112
2609,1499,1112
2610,1500,1112
2611,1501,1112
2612,1502,1112
2613,1503,1112
2614,1503,1113
2615,1503,1114
2616,1504,1114
2617,1505,1114
2618,1506,1114
2619,1507,1114
2620,1508,1114
2621,1508,1115
2622,1509,1115
2623,1510,1115
2624,1510,1116
2625,1511,1116
2626,1512,1116
2627,1512,1117
2628,1512,1118
2629,1513,1118
2630,1514,1118
2631,1515,1118
2632,1516,1118
2633,1516,1119
2634,1517,1119
2635,1518,1119
2636,1518,1120
2637,1518,1121
2638,1519,1121
2639,1520,1121
2640,1521,1121
2641,1522,1121
2642,1523,1121
2643,1524,1121
2644,1525,1121
2645,1526,1121
2646,1527,1121
2647,1527,1122
2648,1528,1122
2649,1529,1122
2650,1530,1122
2651,1531,1122
2652,1532,1122
2653,1532,1123
2654,1533,1123
2655,1534,1123
2656,1534,1124
2657,1535,1124
2658,1536,1124
2659,1536,1125
2660,1537,1125
2661,1538,1125
2662,1539,1125
2663,1540,1125
2664,1540,1126
2665,1541,1126
2666,1542,1126
2667,1543,1126
2668,1544,1126
2669,1544,1127
2670,1545,1127
2671,1546,1127
2672,1547,1127
2673,1548,1127
2674,1549,1127
2675,1550,1127
2676,1551,1127
2677,1551,1128
2678,1552,1128
2679,1553,1128
2680,1554,1128
2681,1555,1128
2682,1555,1129
2683,1556,1129
2684,1557,1129
2685,1558,1129
2686,1559,1129
2687,1560,1129
2688,1561,1129
2689,1561,1130
2690,1561,1131
2691,1562,1131
2692,1563,1131
2693,1563,1132
2694,1563,1133
2695,1564,1133
2696,1565,1133
2697,1565,1134
2698,1565,1135
2699,1566,1135
2700,1567,1135
2701,1567,1136
2702,1567,1137
2703,1568,1137
2704,1569,1137
2705,1570,1137
2706,1571,1137
2707,1572,1137
2708,1572,1138
2709,1572,1139
2710,1573,1139
2711,1574,1139
2712,1575,1139
2713,1576,1139
2714,1577,1139
2715,1577,1140
2716,1578,1140
2717,1579,1140
2718,1580,1140
2719,1581,1140
2720,1581,1141
2721,1581,1142
2722,1582,1142
2723,1583,1142
2724,1584,1142
2725,1585,1142
2726,1586,1142
2727,1587,1142
2728,1588,1142
2729,1589,1142
2730,1590,1142
2731,1591,1142
2732,1591,1143
2733,1591,1144
2734,1592,1144
2735,1593,1144
2736,1594,1144
2737,1595,1144
2738,1596,1144
2739,1596,1145
2740,1597,1145
2741,1598,1145
2742,1598,1146
2743,1599,1146
2744,1600,1146
2745,1601,1146
2746,1602,1146
2747,1602,1147
2748,1603,1147
2749,1604,1147
2750,1604,1148
2751,1605,1148
2752,1606,1148
2753,1606,1149
2754,1606,1150
2755,1607,1150
2756,1608,1150
2757,1608,1151
2758,1608,1152
2759,1608,1153
2760,1608,1154
2761,1609,1154
2762,1610,1154
2763,1611,1154
2764,1611,1155
2765,1611,1156
2766,1611,1157
2767,1611,1158
2768,1612,1158
2769,1613,1158
2770,1613,1159
2771,1614,1159
2772,1615,1159
2773,1615,1160
2774,1616,1160
2775,1617,1160
2776,1617,1161
2777,1618,1161
2778,1619,1161
2779,1620,1161
2780,1620,1162
2781,1620,1163
2782,1621,1163
2783,1622,1163
2784,1623,1163
2785,1624,1163
2786,1625,1163
2787,1625,1164
2788,1625,1165
2789,1626,1165
2790,1627,1165
2791,1628,1165
2792,1629,1165
2793,1630,1165
2794,1630,1166
2795,1631,1166
2796,1632,1166
2797,1633,1166
2798,1634,1166
2799,1635,1166
2800,1636,1166
2801,1637,1166
2802,1638,1166
2803,1638,1167
2804,1639,1167
2805,1639,1168
2806,1639,1169
2807,1640,1169
2808,1641,1169
2809,1642,1169
2810,1643,1169
2811,1644,1169
2812,1645,1169
2813,1646,1169
2814,1647,1169
2815,1648,1169
2816,1648,1170
2817,1648,1171
2818,1649,1171
2819,1650,1171
2820,1651,1171
2821,1652,1171
2822,1653,1171
2823,1653,1172
2824,1653,1173
2825,1654,1173
2826,1655,1173
2827,1656,1173
2828,1657,1173
2829,1658,1173
2830,1658,1174
2831,1658,1175
2832,1659,1175
2833,1660,1175
2834,1661,1175
2835,1662,1175
2836,1663,1175
2837,1664,1175
2838,1664,1176
2839,1665,1176
2840,1666,1176
2841,1667,1176
2842,1668,1176
2843,1668,1177
2844,1669,1177
2845,1670,1177
2846,1671,1177
2847,1672,1177
2848,1673,1177
2849,1674,1177
2850,1674,1178
2851,1675,1178
2852,1676,1178
2853,1677,1178
2854,1677,1179
2855,1677,1180
2856,1678,1180
2857,1679,1180
2858,1680,1180
2859,1681,1180
2860,1682,1180
2861,1682,1181
2862,1682,1182
2863,1683,1182
2864,1684,1182
2865,1685,1182
2866,1686,1182
2867,1687,1182
2868,1688,1182
2869,1689,1182
2870,1690,1182
2871,1691,1182
2872,1692,1182
2873,1692,1183
2874,1693,1183
2875,1694,1183
2876,1695,1183
2877,1696,1183
2878,1697,1183
2879,1698,1183
2880,1699,1183
2881,1700,1183
2882,1701,1183
2883,1702,1183
2884,1702,1184
2885,1702,1185
2886,1703,1185
2887,1704,1185
2888,1705,1185
2889,1705,1186
2890,1705,1187
2891,1706,1187
2892,1707,1187
2893,1707,1188
2894,1708,1188
2895,1708,1189
2896,1709,1189
2897,1710,1189
2898,1711,1189
2899,1712,1189
2900,1713,1189
2901,1714,1189
2902,1714,1190
2903,1714,1191
2904,1715,1191
2905,1716,1191
2906,1717,1191
2907,1718,1191
2908,1719,1191
2909,1720,1191
2910,1721,1191
2911,1722,1191
2912,1722,1192
2913,1722,1193
2914,1723,1193
2915,1724,1193
2916,1725,1193
2917,1726,1193
2918,1727,1193
2919,1727,1194
2920,1728,1194
2921,1729,1194
2922,1730,1194
2923,1730,1195
2924,1731,1195
2925,1731,1196
2926,1731,1197
2927,1732,1197
2928,1733,1197
2929,1733,1198
2930,1734,1198
2931,1735,1198
2932,1735,1199
2933,1735,1200
2934,1736,1200
2935,1736,1201
2936,1736,1202
2937,1736,1203
2938,1736,1204
2939,1736,1205
2940,1736,1206
2941,1736,1207
2942,1736,1208
2943,1737,1208
2944,1738,1208
2945,1739,1208
2946,1739,1209
2947,1739,1210
2948,1739,1211
2949,1740,1211
2950,1741,1211
2951,1742,1211
2952,1743,1211
2953,1744,1211
2954,1744,1212
2955,1745,1212
2956,1746,1212
2957,1747,1212
2958,1748,1212
2959,1749,1212
2960,1749,1213
2961,1749,1214
2962,1750,1214
2963,1750,1215
2964,1750,1216
2965,1751,1216
2966,1752,1216
2967,1753,1216
2968,1754,1216
2969,1754,1217
2970,1754,1218
2971,1755,1218
2972,1756,1218
2973,1756,1219
2974,1757,1219
2975,1758,1219
2976,1759,1219
2977,1760,1219
2978,1761,1219
2979,1762,1219
2980,1762,1220
2981,1763,1220
2982,1764,1220
2983,1765,1220
2984,1766,1220
2985,1767,1220
2986,1768,1220
2987,1769,1220
2988,1769,1221
2989,1769,1222
2990,1770,1222
2991,1771,1222
2992,1772,1222
2993,1772,1223
2994,1772,1224
2995,1773,1224
2996,1774,1224
2997,1775,1224
2998,1776,1224
2999,1777,1224
3000,1778,1224
3001,1778,1225
3002,1778,1226
3003,1779,1226
3004,1780,1226
3005,1781,1226
3006,1782,1226
3007,1783,1226
3008,1784,1226
3009,1785,1226
3010,1786,1226
3011,1786,1227
3012,1786,1228
3013,1787,1228
3014,1787,1229
3015,1788,1229
3016,1788,1230
3017,1789,1230
3018,1789,1231
3019,1789,1232
3020,1790,1232
3021,1791,1232
3022,1792,1232
3023,1792,1233
3024,1792,1234
3025,1793,1234
3026,1794,1234
3027,1795,1234
3028,1796,1234
3029,1796,1235
3030,1797,1235
3031,1797,1236
3032,1798,1236
3033,1798,1237
3034,1798,1238
3035,1799,1238
3036,1800,1238
3037,1800,1239
3038,1801,1239
3039,1801,1240
3040,1802,1240
3041,1803,1240
3042,1804,1240
3043,1805,1240
3044,1806,1240
3045,1807,1240
3046,1808,1240
3047,1809,1240
3048,1810,1240
3049,1811,1240
3050,1811,1241
3051,1812,1241
3052,1812,1242
3053,1813,1242
3054,1814,1242
3055,1815,1242
3056,1816,1242
3057,1817,1242
3058,1818,1242
3059,1819,1242
3060,1820,1242
3061,1821,1242
3062,1821,1243
3063,1822,1243
3064,1823,1243
3065,1824,1243
3066,1824,1244
3067,1825,1244
3068,1826,1244
3069,1827,1244
3070,1828,1244
3071,1829,1244
3072,1830,1244
3073,1830,1245
3074,1830,1246
3075,1831,1246
3076,1832,1246
3077,1833,1246
3078,1834,1246
3079,1835,1246
3080,1835,1247
3081,1835,1248
3082,1836,1248
3083,1837,1248
3084,1837,1249
3085,1838,1249
3086,1839,1249
3087,1839,1250
3088,1840,1250
3089,1841,1250
3090,1841,1251
3091,1842,1251
3092,1843,1251
3093,1844,1251
3094,1845,1251
3095,1846,1251
3096,1846,1252
3097,1847,1252
3098,1848,1252
3099,1849,1252
3100,1850,1252
3101,1851,1252
3102,1852,1252
3103,1853,1252
3104,1854,1252
3105,1855,1252
3106,1856,1252
3107,1856,1253
3108,1857,1253
3109,1858,1253
3110,1858,1254
3111,1858,1255
3112,1859,1255
3113,1860,1255
3114,1861,1255
3115,1862,1255
3116,1863,1255
3117,1864,1255
3118,1865,1255
3119,1865,1256
3120,1865,1257
3121,1866,1257
3122,1867,1257
3123,1868,1257
3124,1869,1257
3125,1870,1257
3126,1870,1258
3127,1871,1258
3128,1871,1259
3129,1872,1259
3130,1873,1259
3131,1874,1259
3132,1874,1260
3133,1875,1260
3134,1876,1260
3135,1876,1261
3136,1876,1262
3137,1876,1263
3138,1876,1264
3139,1876,1265
3140,1876,1266
3141,1877,1266
3142,1878,1266
3143,1879,1266
3144,1880,1266
3145,1880,1267
3146,1880,1268
3147,1881,1268
3148,1882,1268
3149,1882,1269
3150,1882,1270
3151,1882,1271
3152,1882,1272
3153,1883,1272
3154,1884,1272
3155,1885,1272
3156,1885,1273
3157,1885,1274
3158,1886,1274
3159,1887,1274
3160,1888,1274
3161,1889,1274
3162,1890,1274
3163,1890,1275
3164,1891,1275
3165,1891,1276
3166,1892,1276
3167,1892,1277
3168,1893,1277
3169,1894,1277
3170,1895,1277
3171,1896,1277
3172,1897,1277
3173,1898,1277
3174,1899,1277
3175,1900,1277
3176,1900,1278
3177,1901,1278
3178,1901,1279
3179,1902,1279
3180,1903,1279
3181,1904,1279
3182,1904,1280
3183,1904,1281
3184,1904,1282
3185,1905,1282
3186,1905,1283
3187,1906,1283
3188,1906,1284
3189,1906,1285
3190,1907,1285
3191,1908,1285
3192,1909,1285
3193,1910,1285
3194,1911,1285
3195,1912,1285
3196,1912,1286
3197,1913,1286
3198,1914,1286
3199,1915,1286
3200,1916,1286
3201,1916,1287
3202,1916,1288
3203,1916,1289
3204,1917,1289
3205,1918,1289
3206,1918,1290
3207,1919,1290
3208,1919,1291
3209,1920,1291
3210,1921,1291
3211,1922,1291
3212,1922,1292
3213,1923,1292
3214,1923,1293
3215,1924,1293
3216,1924,1294
3217,1924,1295
3218,1924,1296
3219,1925,1296
3220,1926,1296
3221,1926,1297
3222,1927,1297
3223,1928,1297
3224,1928,1298
3225,1928,1299
3226,1928,1300
3227,1928,1301
3228,1928,1302
3229,1928,1303
3230,1929,1303
3231,1929,1304
3232,1930,1304
3233,1930,1305
3234,1930,1306
3235,1930,1307
3236,1931,1307
3237,1931,1308
3238,1931,1309
3239,1931,1310
3240,1932,1310
3241,1932,1311
3242,1933,1311
3243,1934,1311
3244,1935,1311
3245,1935,1312
3246,1936,1312
3247,1937,1312
3248,1937,1313
3249,1938,1313
3250,1939,1313
3251,1940,1313
3252,1941,1313
3253,1941,1314
3254,1942,1314
3255,1943,1314
3256,1943,1315
3257,1944,1315
3258,1944,1316
3259,1944,1317
3260,1944,1318
3261,1944,1319
3262,1945,1319
3263,1946,1319
3264,1946,1320
3265,1946,1321
3266,1946,1322
3267,1946,1323
3268,1947,1323
3269,1948,1323
3270,1949,1323
3271,1950,1323
3272,1951,1323
3273,1952,1323
3274,1952,1324
3275,1953,1324
3276,1954,1324
3277,1954,1325
3278,1955,1325
3279,1956,1325
3280,1956,1326
3281,1956,1327
3282,1957,1327
3283,1958,1327
3284,1959,1327
3285,1959,1328
3286,1960,1328
3287,1961,1328
3288,1961,1329
3289,1962,1329
3290,1963,1329
3291,1963,1330
3292,1963,1331
3293,1963,1332
3294,1964,1332
3295,1965,1332
3296,1965,1333
3297,1965,1334
3298,1965,1335
3299,1966,1335
3300,1967,1335
3301,1968,1335
3302,1968,1336
3303,1969,1336
3304,1969,1337
3305,1969,1338
3306,1969,1339
3307,1969,1340
3308,1970,1340
3309,1971,1340
3310,1972,1340
3311,1973,1340
3312,1973,1341
3313,1973,1342
3314,1973,1343
3315,1973,1344
3316,1974,1344
3317,1975,1344
3318,1976,1344
3319,1976,1345
3320,1976,1346
3321,1976,1347
3322,1977,1347
3323,1978,1347
3324,1979,1347
3325,1980,1347
3326,1981,1347
3327,1981,1348
3328,1982,1348
3329,1982,1349
3330,1982,1350
3331,1983,1350
3332,1983,1351
3333,1984,1351
3334,1985,1351
3335,1986,1351
3336,1987,1351
3337,1988,1351
3338,1988,1352
3339,1988,1353
3340,1989,1353
3341,1989,1354
3342,1990,1354
3343,1990,1355
3344,1991,1355
3345,1991,1356
3346,1992,1356
3347,1992,1357
3348,1993,1357
3349,1993,1358
3350,1993,1359
3351,1993,1360
3352,1993,1361
3353,1994,1361
3354,1995,1361
3355,1995,1362
3356,1996,1362
3357,1996,1363
3358,1997,1363
3359,1998,1363
3360,1999,1363
3361,2000,1363
3362,2001,1363
3363,2002,1363
3364,2002,1364
3365,2003,1364
3366,2003,1365
3367,2004,1365
3368,2004,1366
3369,2005,1366
3370,2006,1366
3371,2006,1367
3372,2006,1368
3373,2007,1368
3374,2007,1369
3375,2008,1369
3376,2008,1370
3377,2008,1371
3378,2008,1372
3379,2008,1373
3380,2009,1373
3381,2010,1373
3382,2010,1374
3383,2011,1374
3384,2011,1375
3385,2012,1375
3386,2012,1376
3387,2013,1376
3388,2013,1377
3389,2014,1377
3390,2014,1378
3391,2015,1378
3392,2015,1379
3393,2016,1379
3394,2017,1379
3395,2018,1379
3396,2019,1379
3397,2019,1380
3398,2020,1380
3399,2021,1380
3400,2022,1380
3401,2022,1381
3402,2022,1382
3403,2023,1382
3404,2024,1382
3405,2024,1383
3406,2025,1383
3407,2025,1384
3408,2025,1385
3409,2026,1385
3410,2027,1385
3411,2027,1386
3412,2028,1386
3413,2028,1387
3414,2029,1387
3415,2030,1387
3416,2030,1388
3417,2031,1388
3418,2031,1389
3419,2032,1389
3420,2032,1390
3421,2032,1391
3422,2032,1392
3423,2032,1393
3424,2033,1393
3425,2034,1393
3426,2035,1393
3427,2036,1393
3428,2036,1394
3429,2037,1394
3430,2038,1394
3431,2038,1395
3432,2039,1395
3433,2039,1396
3434,2040,1396
3435,2041,1396
3436,2042,1396
3437,2043,1396
3438,2043,1397
3439,2043,1398
3440,2044,1398
3441,2045,1398
3442,2046,1398
3443,2046,1399
3444,2047,1399
3445,2048,1399
3446,2049,1399
3447,2050,1399
3448,2050,1400
3449,2051,1400
3450,2051,1401
3451,2051,1402
3452,2052,1402
3453,2052,1403
3454,2052,1404
3455,2052,1405
3456,2052,1406
3457,2052,1407
3458,2053,1407
3459,2054,1407
3460,2054,1408
3461,2055,1408
3462,2055,1409
3463,2055,1410
3464,2056,1410
3465,2056,1411
3466,2057,1411
3467,2058,1411
3468,2058,1412
3469,2059,1412
3470,2060,1412
3471,2060,1413
3472,2060,1414
3473,2060,1415
3474,2060,1416
3475,2060,1417
3476,2060,1418
3477,2060,1419
3478,2060,1420
3479,2061,1420
3480,2061,1421
3481,2061,1422
3482,2061,1423
3483,2062,1423
3484,2062,1424
3485,2062,1425
3486,2063,1425
3487,2064,1425
3488,2064,1426
3489,2065,1426
3490,2065,1427
3491,2065,1428
3492,2066,1428
3493,2067,1428
3494,2067,1429
3495,2067,1430
3496,2068,1430
3497,2069,1430
3498,2069,1431
3499,2070,1431
3500,2070,1432
3501,2071,1432
3502,2072,1432
3503,2073,1432
3504,2074,1432
3505,2075,1432
3506,2075,1433
3507,2076,1433
3508,2077,1433
3509,2078,1433
3510,2079,1433
3511,2080,1433
3512,2080,1434
3513,2081,1434
3514,2081,1435
3515,2082,1435
3516,2082,1436
3517,2082,1437
3518,2082,1438
3519,2083,1438
3520,2083,1439
3521,2084,1439
3522,2084,1440
3523,2084,1441
3524,2085,1441
3525,2086,1441
3526,2087,1441
3527,2088,1441
3528,2088,1442
3529,2088,1443
3530,2089,1443
3531,2090,1443
3532,2091,1443
3533,2092,1443
3534,2092,1444
3535,2092,1445
3536,2092,1446
3537,2092,1447
3538,2093,1447
3539,2094,1447
3540,2095,1447
3541,2095,1448
3542,2096,1448
3543,2096,1449
3544,2097,1449
3545,2098,1449
3546,2098,1450
3547,2099,1450
3548,2099,1451
3549,2099,1452
3550,2099,1453
3551,2100,1453
3552,2101,1453
3553,2101,1454
3554,2102,1454
3555,2103,1454
3556,2103,1455
3557,2104,1455
3558,2104,1456
3559,2105,1456
3560,2105,1457
3561,2105,1458
3562,2105,1459
3563,2105,1460
3564,2106,1460
3565,2106,1461
3566,2107,1461
3567,2108,1461
3568,2109,1461
3569,2110,1461
3570,2110,1462
3571,2110,1463
3572,2111,1463
3573,2112,1463
3574,2112,1464
3575,2113,1464
3576,2113,1465
3577,2113,1466
3578,2114,1466
3579,2114,1467
3580,2115,1467
3581,2115,1468
3582,2115,1469
3583,2116,1469
3584,2117,1469
3585,2118,1469
3586,2119,1469
3587,2119,1470
3588,2120,1470
3589,2121,1470
3590,2121,1471
3591,2121,1472
3592,2122,1472
3593,2122,1473
3594,2123,1473
3595,2123,1474
3596,2124,1474
3597,2125,1474
3598,2125,1475
3599,2125,1476
3600,2126,1476
3601,2126,1477
3602,2126,1478
3603,2127,1478
3604,2128,1478
3605,2128,1479
3606,2129,1479
3607,2129,1480
3608,2130,1480
3609,2131,1480
3610,2131,1481
3611,2132,1481
3612,2132,1482
3613,2132,1483
3614,2132,1484
3615,2133,1484
3616,2133,1485
3617,2134,1485
3618,2134,1486
3619,2134,1487
3620,2135,1487
3621,2136,1487
3622,2136,1488
3623,2137,1488
3624,2138,1488
3625,2138,1489
3626,2139,1489
3627,2139,1490
3628,2140,1490
3629,2141,1490
3630,2141,1491
3631,2142,1491
3632,2142,1492
3633,2143,1492
3634,2144,1492
3635,2145,1492
3636,2145,1493
3637,2145,1494
3638,2146,1494
3639,2146,1495
3640,2146,1496
3641,2146,1497
3642,2147,1497
3643,2148,1497
3644,2148,1498
3645,2149,1498
3646,2149,1499
3647,2150,1499
3648,2150,1500
3649,2151,1500
3650,2152,1500
3651,2152,1501
3652,2152,1502
3653,2153,1502
3654,2154,1502
3655,2154,1503
3656,2154,1504
3657,2154,1505
3658,2155,1505
3659,2155,1506
3660,2156,1506
3661,2156,1507
3662,2157,1507
3663,2158,1507
3664,2159,1507
3665,2160,1507
3666,2161,1507
3667,2162,1507
3668,2162,1508
3669,2163,1508
3670,2163,1509
3671,2163,1510
3672,2164,1510
3673,2165,1510
3674,2166,1510
3675,2166,1511
3676,2166,1512
3677,2166,1513
3678,2166,1514
3679,2166,1515
3680,2167,1515
3681,2167,1516
3682,2167,1517
3683,2168,1517
3684,2169,1517
3685,2170,1517
3686,2171,1517
3687,2171,1518
3688,2172,1518
3689,2172,1519
3690,2173,1519
3691,2174,1519
3692,2174,1520
3693,2174,1521
3694,2174,1522
3695,2175,1522
3696,2176,1522
3697,2176,1523
3698,2176,1524
3699,2176,1525
3700,2177,1525
3701,2178,1525
3702,2178,1526
3703,2178,1527
3704,2179,1527
3705,2180,1527
3706,2180,1528
3707,2180,1529
3708,2181,1529
3709,2181,1530
3710,2182,1530
3711,2183,1530
3712,2183,1531
3713,2183,1532
3714,2184,1532
3715,2185,1532
3716,2185,1533
3717,2186,1533
3718,2186,1534
3719,2186,1535
3720,2186,1536
3721,2186,1537
3722,2187,1537
3723,2187,1538
3724,2187,1539
3725,2187,1540
3726,2187,1541
3727,2187,1542
3728,2187,1543
3729,2188,1543
3730,2188,1544
3731,2188,1545
3732,2189,1545
3733,2189,1546
3734,2190,1546
3735,2190,1547
3736,2190,1548
3737,2190,1549
3738,2191,1549
3739,2191,1550
3740,2191,1551
3741,2191,1552
3742,2192,1552
3743,2192,1553
3744,2193,1553
3745,2193,1554
3746,2193,1555
3747,2193,1556
3748,2193,1557
3749,2193,1558
3750,2193,1559
3751,2194,1559
3752,2194,1560
3753,2195,1560
3754,2195,1561
3755,2196,1561
3756,2196,1562
3757,2196,1563
3758,2197,1563
3759,2198,1563
3760,2198,1564
3761,2198,1565
3762,2198,1566
3763,2198,1567
3764,2199,1567
3765,2199,1568
3766,2200,1568
3767,2200,1569
3768,2201,1569
3769,2202,1569
3770,2203,1569
3771,2203,1570
3772,2203,1571
3773,2204,1571
3774,2205,1571
3775,2206,1571
3776,2206,1572
3777,2206,1573
3778,2207,1573
3779,2207,1574
3780,2208,1574
3781,2208,1575
3782,2208,1576
3783,2209,1576
3784,2209,1577
3785,2210,1577
3786,2210,1578
3787,2210,1579
3788,2210,1580
3789,2211,1580
3790,2212,1580
3791,2213,1580
3792,2213,1581
3793,2213,1582
3794,2213,1583
3795,2214,1583
3796,2214,1584
3797,2215,1584
3798,2215,1585
3799,2216,1585
3800,2217,1585
3801,2218,1585
3802,2219,1585
3803,2220,1585
3804,2220,1586
3805,2220,1587
3806,2221,1587
3807,2221,1588
3808,2221,1589
3809,2221,1590
3810,2221,1591
3811,2221,1592
3812,2221,1593
3813,2221,1594
3814,2222,1594
3815,2222,1595
3816,2222,1596
3817,2223,1596
3818,2223,1597
3819,2224,1597
3820,2224,1598
3821,2224,1599
3822,2225,1599
3823,2226,1599
3824,2226,1600
3825,2226,1601
3826,2226,1602
3827,2226,1603
3828,2226,1604
3829,2227,1604
3830,2227,1605
3831,2228,1605
3832,2228,1606
3833,2229,1606
3834,2230,1606
3835,2231,1606
3836,2232,1606
3837,2232,1607
3838,2232,1608
3839,2232,1609
3840,2232,1610
3841,2232,1611
3842,2233,1611
3843,2234,1611
3844,2235,1611
3845,2236,1611
3846,2237,1611
3847,2238,1611
3848,2238,1612
3849,2238,1613
3850,2239,1613
3851,2239,1614
3852,2240,1614
3853,2240,1615
3854,2240,1616
3855,2241,1616
3856,2242,1616
3857,2242,1617
3858,2243,1617
3859,2244,1617
3860,2244,1618
3861,2245,1618
3862,2245,1619
3863,2245,1620
3864,2246,1620
3865,2247,1620
3866,2248,1620
3867,2249,1620
3868,2250,1620
3869,2250,1621
3870,2251,1621
3871,2251,1622
3872,2252,1622
3873,2252,1623
3874,2253,1623
3875,2253,1624
3876,2254,1624
3877,2254,1625
3878,2255,1625
3879,2255,1626
3880,2255,1627
3881,2256,1627
3882,2256,1628
3883,2256,1629
3884,2257,1629
3885,2257,1630
3886,2257,1631
3887,2257,1632
3888,2258,1632
3889,2259,1632
3890,2259,1633
3891,2260,1633
3892,2260,1634
3893,2260,1635
3894,2260,1636
3895,2260,1637
3896,2261,1637
3897,2261,1638
3898,2261,1639
3899,2261,1640
3900,2261,1641
3901,2261,1642
3902,2261,1643
3903,2262,1643
3904,2262,1644
3905,2262,1645
3906,2263,1645
3907,2263,1646
3908,2264,1646
3909,2264,1647
3910,2265,1647
3911,2266,1647
3912,2266,1648
3913,2266,1649
3914,2266,1650
3915,2267,1650
3916,2268,1650
3917,2268,1651
3918,2269,1651
3919,2270,1651
3920,2271,1651
3921,2272,1651
3922,2273,1651
3923,2273,1652
3924,2273,1653
3925,2273,1654
3926,2274,1654
3927,2274,1655
3928,2275,1655
3929,2276,1655
3930,2277,1655
3931,2278,1655
3932,2279,1655
3933,2280,1655
3934,2281,1655
3935,2281,1656
3936,2282,1656
3937,2282,1657
3938,2283,1657
3939,2283,1658
3940,2284,1658
3941,2284,1659
3942,2285,1659
3943,2285,1660
3944,2285,1661
3945,2285,1662
3946,2286,1662
3947,2287,1662
3948,2287,1663
3949,2287,1664
3950,2287,1665
3951,2288,1665
3952,2289,1665
3953,2289,1666
3954,2289,1667
3955,2289,1668
3956,2290,1668
3957,2290,1669
3958,2290,1670
3959,2291,1670
3960,2291,1671
3961,2291,1672
3962,2292,1672
3963,2292,1673
3964,2292,1674
3965,2293,1674
3966,2294,1674
3967,2295,1674
3968,2296,1674
3969,2296,1675
3970,2297,1675
3971,2297,1676
3972,2297,1677
3973,2297,1678
3974,2298,1678
3975,2299,1678
3976,2299,1679
3977,2299,1680
3978,2299,1681
3979,2299,1682
3980,2299,1683
3981,2299,1684
3982,2300,1684
3983,2301,1684
3984,2302,1684
3985,2302,1685
3986,2303,1685
3987,2303,1686
3988,2303,1687
3989,2304,1687
3990,2305,1687
3991,2306,1687
3992,2306,1688
3993,2306,1689
3994,2307,1689
3995,2308,1689
3996,2309,1689
3997,2310,1689
3998,2310,1690
3999,2310,1691
4000,2311,1691
4001,2312,1691
4002,2313,1691
4003,2314,1691
4004,2315,1691
4005,2316,1691
4006,2316,1692
4007,2316,1693
4008,2316,1694
4009,2317,1694
4010,2318,1694
4011,2319,1694
4012,2320,1694
4013,2320,1695
4014,2320,1696
4015,2321,1696
4016,2322,1696
4017,2323,1696
4018,2324,1696
4019,2325,1696
4020,2325,1697
4021,2326,1697
4022,2326,1698
4023,2327,1698
4024,2327,1699
4025,2327,1700
4026,2328,1700
4027,2329,1700
4028,2329,1701
4029,2329,1702
4030,2330,1702
4031,2330,1703
4032,2331,1703
4033,2331,1704
4034,2332,1704
4035,2333,1704
4036,2333,1705
4037,2333,1706
4038,2334,1706
4039,2334,1707
4040,2334,1708
4041,2335,1708
4042,2335,1709
4043,2335,1710
4044,2335,1711
4045,2335,1712
4046,2336,1712
4047,2336,1713
4048,2337,1713
4049,2337,1714
4050,2338,1714
4051,2338,1715
4052,2339,1715
4053,2340,1715
4054,2340,1716
4055,2340,1717
4056,2340,1718
4057,2340,1719
4058,2340,1720
4059,2341,1720
4060,2341,1721
4061,2341,1722
4062,2342,1722
4063,2343,1722
4064,2343,1723
4065,2344,1723
4066,2345,1723
4067,2346,1723
4068,2346,1724
4069,2347,1724
4070,2347,1725
4071,2348,1725
4072,2348,1726
4073,2348,1727
4074,2348,1728
4075,2349,1728
4076,2350,1728
4077,2351,1728
4078,2352,1728
4079,2352,1729
4080,2353,1729
4081,2353,1730
4082,2353,1731
4083,2354,1731
4084,2355,1731
4085,2355,1732
4086,2355,1733
4087,2356,1733
4088,2357,1733
4089,2357,1734
4090,2358,1734
4091,2358,1735
4092,2358,1736
4093,2359,1736
4094,2359,1737
4095,2359,1738
4096,2359,1739
4097,2359,1740
4098,2359,1741
4099,2359,1742
4100,2360,1742
4101,2360,1743
4102,2360,1744
4103,2361,1744
4104,2361,1745
4105,2361,1746
4106,2361,1747
4107,2361,1748
4108,2361,1749
4109,2362,1749
4110,2362,1750
4111,2363,1750
4112,2363,1751
4113,2363,1752
4114,2364,1752
4115,2365,1752
4116,2365,1753
4117,2366,1753
4118,2367,1753
4119,2367,1754
4120,2368,1754
4121,2368,1755
4122,2368,1756
4123,2368,1757
4124,2369,1757
4125,2370,1757
4126,2370,1758
4127,2371,1758
4128,2371,1759
4129,2372,1759
4130,2372,1760
4131,2373,1760
4132,2373,1761
4133,2374,1761
4134,2375,1761
4135,2376,1761
4136,2376,1762
4137,2376,1763
4138,2377,1763
4139,2378,1763
4140,2379,1763
4141,2379,1764
4142,2379,1765
4143,2380,1765
4144,2380,1766
4145,2381,1766
4146,2382,1766
4147,2383,1766
4148,2384,1766
4149,2385,1766
4150,2385,1767
4151,2386,1767
4152,2386,1768
4153,2386,1769
4154,2387,1769
4155,2388,1769
4156,2389,1769
4157,2390,1769
4158,2391,1769
4159,2392,1769
4160,2392,1770
4161,2393,1770
4162,2393,1771
4163,2394,1771
4164,2394,1772
4165,2395,1772
4166,2396,1772
4167,2396,1773
4168,2397,1773
4169,2398,1773
4170,2399,1773
4171,2399,1774
4172,2399,1775
4173,2399,1776
4174,2399,1777
4175,2399,1778
4176,2400,1778
4177,2401,1778
4178,2401,1779
4179,2401,1780
4180,2402,1780
4181,2403,1780
4182,2404,1780
4183,2405,1780
4184,2405,1781
4185,2405,1782
4186,2406,1782
4187,2406,1783
4188,2406,1784
4189,2406,1785
4190,2406,1786
4191,2407,1786
4192,2408,1786
4193,2409,1786
4194,2410,1786
4195,2411,1786
4196,2411,1787
4197,2412,1787
4198,2412,1788
4199,2413,1788
4200,2414,1788
4201,2414,1789
4202,2414,1790
4203,2414,1791
4204,2414,1792
4205,2414,1793
4206,2415,1793
4207,2415,1794
4208,2416,1794
4209,2417,1794
4210,2417,1795
4211,2417,1796
4212,2417,1797
4213,2417,1798
4214,2418,1798
4215,2418,1799
4216,2418,1800
4217,2419,1800
4218,2419,1801
4219,2420,1801
4220,2421,1801
4221,2421,1802
4222,2422,1802
4223,2423,1802
4224,2423,1803
4225,2423,1804
4226,2424,1804
4227,2425,1804
4228,2426,1804
4229,2427,1804
4230,2427,1805
4231,2427,1806
4232,2428,1806
4233,2428,1807
4234,2429,1807
4235,2430,1807
4236,2430,1808
4237,2431,1808
4238,2432,1808
4239,2432,1809
4240,2433,1809
4241,2434,1809
4242,2434,1810
4243,2434,1811
4244,2435,1811
4245,2436,1811
4246,2437,1811
4247,2438,1811
4248,2439,1811
4249,2440,1811
4250,2441,1811
4251,2442,1811
4252,2443,1811
4253,2444,1811
4254,2445,1811
4255,2445,1812
4256,2445,1813
4257,2446,1813
4258,2447,1813
4259,2448,1813
4260,2449,1813
4261,2450,1813
4262,2451,1813
4263,2452,1813
4264,2453,1813
4265,2453,1814
4266,2453,1815
4267,2454,1815
4268,2455,1815
4269,2456,1815
4270,2457,1815
4271,2458,1815
4272,2458,1816
4273,2459,1816
4274,2460,1816
4275,2460,1817
4276,2461,1817
4277,2462,1817
4278,2462,1818
4279,2462,1819
4280,2463,1819
4281,2464,1819
4282,2464,1820
4283,2465,1820
4284,2466,1820
4285,2466,1821
4286,2467,1821
4287,2467,1822
4288,2467,1823
4289,2468,1823
4290,2469,1823
4291,2470,1823
4292,2471,1823
4293,2471,1824
4294,2471,1825
4295,2472,1825
4296,2473,1825
4297,2473,1826
4298,2474,1826
4299,2475,1826
4300,2476,1826
4301,2477,1826
4302,2478,1826
4303,2479,1826
4304,2480,1826
4305,2481,1826
4306,2481,1827
4307,2482,1827
4308,2483,1827
4309,2483,1828
4310,2483,1829
4311,2484,1829
4312,2485,1829
4313,2486,1829
4314,2487,1829
4315,2488,1829
4316,2489,1829
4317,2490,1829
4318,2491,1829
4319,2492,1829
4320,2493,1829
4321,2494,1829
4322,2495,1829
4323,2496,1829
4324,2497,1829
4325,2497,1830
4326,2498,1830
4327,2499,1830
4328,2500,1830
4329,2501,1830
4330,2502,1830
4331,2503,1830
4332,2504,1830
4333,2505,1830
4334,2505,1831
4335,2506,1831
4336,2507,1831
4337,2508,1831
4338,2509,1831
4339,2510,1831
4340,2511,1831
4341,2512,1831
4342,2513,1831
4343,2513,1832
4344,2513,1833
4345,2514,1833
4346,2514,1834
4347,2515,1834
4348,2516,1834
4349,2517,1834
4350,2518,1834
4351,2519,1834
4352,2520,1834
4353,2521,1834
4354,2522,1834
4355,2522,1835
4356,2523,1835
4357,2524,1835
4358,2525,1835
4359,2526,1835
4360,2527,1835
4361,2528,1835
4362,2528,1836
4363,2529,1836
4364,2530,1836
4365,2531,1836
4366,2532,1836
4367,2533,1836
4368,2534,1836
4369,2535,1836
4370,2536,1836
4371,2537,1836
4372,2538,1836
4373,2538,1837
4374,2539,1837
4375,2540,1837
4376,2540,1838
4377,2540,1839
4378,2541,1839
4379,2542,1839
4380,2543,1839
4381,2544,1839
4382,2545,1839
4383,2546,1839
4384,2547,1839
4385,2547,1840
4386,2548,1840
4387,2549,1840
4388,2549,1841
4389,2550,1841
4390,2551,1841
4391,2552,1841
4392,2553,1841
4393,2554,1841
4394,2554,1842
4395,2554,1843
4396,2555,1843
4397,2556,1843
4398,2557,1843
4399,2558,1843
4400,2559,1843
4401,2559,1844
4402,2560,1844
4403,2561,1844
4404,2561,1845
4405,2561,1846
4406,2562,1846
4407,2563,1846
4408,2564,1846
4409,2564,1847
4410,2564,1848
4411,2565,1848
4412,2566,1848
4413,2566,1849
4414,2566,1850
4415,2567,1850
4416,2568,1850
4417,2568,1851
4418,2569,1851
4419,2570,1851
4420,2571,1851
4421,2572,1851
4422,2573,1851
4423,2574,1851
4424,2575,1851
4425,2576,1851
4426,2576,1852
4427,2576,1853
4428,2577,1853
4429,2578,1853
4430,2579,1853
4431,2580,1853
4432,2581,1853
4433,2582,1853
4434,2583,1853
4435,2584,1853
4436,2585,1853
4437,2586,1853
4438,2587,1853
4439,2588,1853
4440,2589,1853
4441,2589,1854
4442,2590,1854
4443,2591,1854
4444,2592,1854
4445,2593,1854
4446,2593,1855
4447,2594,1855
4448,2595,1855
4449,2595,1856
4450,2595,1857
4451,2595,1858
4452,2596,1858
4453,2597,1858
4454,2598,1858
4455,2599,1858
4456,2600,1858
4457,2601,1858
4458,2601,1859
4459,2601,1860
4460,2601,1861
4461,2602,1861
4462,2603,1861
4463,2604,1861
4464,2604,1862
4465,2604,1863
4466,2605,1863
4467,2606,1863
4468,2607,1863
4469,2607,1864
4470,2608,1864
4471,2608,1865
4472,2609,1865
4473,2610,1865
4474,2611,1865
4475,2612,1865
4476,2613,1865
4477,2614,1865
4478,2614,1866
4479,2615,1866
4480,2616,1866
4481,2616,1867
4482,2617,1867
4483,2618,1867
4484,2619,1867
4485,2620,1867
4486,2621,1867
4487,2622,1867
4488,2623,1867
4489,2623,1868
4490,2624,1868
4491,2625,1868
4492,2625,1869
4493,2625,1870
4494,2625,1871
4495,2626,1871
4496,2626,1872
4497,2627,1872
4498,2627,1873
4499,2627,1874
4500,2628,1874
4501,2629,1874
4502,2630,1874
4503,2631,1874
4504,2631,1875
4505,2631,1876
4506,2632,1876
4507,2633,1876
4508,2634,1876
4509,2634,1877
4510,2634,1878
4511,2634,1879
4512,2634,1880
4513,2635,1880
4514,2636,1880
4515,2636,1881
4516,2636,1882
4517,2637,1882
4518,2638,1882
4519,2638,1883
4520,2638,1884
4521,2639,1884
4522,2640,1884
4523,2641,1884
4524,2642,1884
4525,2642,1885
4526,2643,1885
4527,2644,1885
4528,2644,1886
4529,2644,1887
4530,2645,1887
4531,2645,1888
4532,2646,1888
4533,2647,1888
4534,2648,1888
4535,2649,1888
4536,2650,1888
4537,2651,1888
4538,2652,1888
4539,2652,1889
4540,2653,1889
4541,2653,1890
4542,2654,1890
4543,2654,1891
4544,2655,1891
4545,2656,1891
4546,2656,1892
4547,2657,1892
4548,2658,1892
4549,2659,1892
4550,2660,1892
4551,2661,1892
4552,2662,1892
4553,2662,1893
4554,2663,1893
4555,2664,1893
4556,2665,1893
4557,2665,1894
4558,2666,1894
4559,2667,1894
4560,2668,1894
4561,2669,1894
4562,2670,1894
4563,2671,1894
4564,2672,1894
4565,2673,1894
4566,2674,1894
4567,2675,1894
4568,2676,1894
4569,2676,1895
4570,2676,1896
4571,2677,1896
4572,2678,1896
4573,2679,1896
4574,2680,1896
4575,2681,1896
4576,2682,1896
4577,2683,1896
4578,2684,1896
4579,2685,1896
4580,2685,1897
4581,2685,1898
4582,2686,1898
4583,2687,1898
4584,2688,1898
4585,2688,1899
4586,2689,1899
4587,2690,1899
4588,2691,1899
4589,2692,1899
4590,2693,1899
4591,2693,1900
4592,2694,1900
4593,2695,1900
4594,2695,1901
4595,2695,1902
4596,2695,1903
4597,2696,1903
4598,2697,1903
4599,2698,1903
4600,2699,1903
4601,2700,1903
4602,2701,1903
4603,2702,1903
4604,2703,1903
4605,2704,1903
4606,2705,1903
4607,2706,1903
4608,2707,1903
4609,2708,1903
4610,2709,1903
4611,2709,1904
4612,2710,1904
4613,2710,1905
4614,2711,1905
4615,2712,1905
4616,2713,1905
4617,2714,1905
4618,2715,1905
4619,2716,1905
4620,2717,1905
4621,2718,1905
4622,2719,1905
4623,2720,1905
4624,2720,1906
4625,2720,1907
4626,2721,1907
4627,2722,1907
4628,2722,1908
4629,2723,1908
4630,2724,1908
4631,2725,1908
4632,2726,1908
4633,2727,1908
4634,2727,1909
4635,2728,1909
4636,2729,1909
4637,2729,1910
4638,2729,1911
4639,2730,1911
4640,2731,1911
4641,2732,1911
4642,2733,1911
4643,2733,1912
4644,2733,1913
4645,2734,1913
4646,2735,1913
4647,2736,1913
4648,2737,1913
4649,2737,1914
4650,2738,1914
4651,2739,1914
4652,2740,1914
4653,2741,1914
4654,2742,1914
4655,2743,1914
4656,2744,1914
4657,2745,1914
4658,2746,1914
4659,2747,1914
4660,2748,1914
4661,2748,1915
4662,2748,1916
4663,2749,1916
4664,2750,1916
4665,2750,1917
4666,2750,1918
4667,2751,1918
4668,2752,1918
4669,2753,1918
4670,2754,1918
4671,2755,1918
4672,2755,1919
4673,2756,1919
4674,2757,1919
4675,2757,1920
4676,2758,1920
4677,2759,1920
4678,2760,1920
4679,2761,1920
4680,2761,1921
4681,2762,1921
4682,2763,1921
4683,2764,1921
4684,2764,1922
4685,2764,1923
4686,2765,1923
4687,2766,1923
4688,2767,1923
4689,2768,1923
4690,2769,1923
4691,2769,1924
4692,2769,1925
4693,2770,1925
4694,2771,1925
4695,2771,1926
4696,2772,1926
4697,2773,1926
4698,2774,1926
4699,2774,1927
4700,2775,1927
4701,2776,1927
4702,2776,1928
4703,2776,1929
4704,2776,1930
4705,2776,1931
4706,2777,1931
4707,2778,1931
4708,2779,1931
4709,2780,1931
4710,2780,1932
4711,2781,1932
4712,2782,1932
4713,2783,1932
4714,2784,1932
4715,2785,1932
4716,2786,1932
4717,2786,1933
4718,2787,1933
4719,2788,1933
4720,2788,1934
4721,2788,1935
4722,2789,1935
4723,2790,1935
4724,2791,1935
4725,2792,1935
4726,2792,1936
4727,2793,1936
4728,2794,1936
4729,2794,1937
4730,2794,1938
4731,2795,1938
4732,2796,1938
4733,2797,1938
4734,2798,1938
4735,2799,1938
4736,2800,1938
4737,2801,1938
4738,2802,1938
4739,2803,1938
4740,2804,1938
4741,2804,1939
4742,2805,1939
4743,2806,1939
4744,2807,1939
4745,2808,1939
4746,2809,1939
4747,2810,1939
4748,2811,1939
4749,2811,1940
4750,2812,1940
4751,2813,1940
4752,2813,1941
4753,2813,1942
4754,2814,1942
4755,2815,1942
4756,2816,1942
4757,2817,1942
4758,2818,1942
4759,2819,1942
4760,2820,1942
4761,2821,1942
4762,2822,1942
4763,2823,1942
4764,2824,1942
4765,2825,1942
4766,2826,1942
4767,2827,1942
4768,2828,1942
4769,2829,1942
4770,2829,1943
4771,2830,1943
4772,2831,1943
4773,2832,1943
4774,2833,1943
4775,2834,1943
4776,2835,1943
4777,2835,1944
4778,2836,1944
4779,2837,1944
4780,2838,1944
4781,2839,1944
4782,2840,1944
4783,2840,1945
4784,2841,1945
4785,2842,1945
4786,2843,1945
4787,2844,1945
4788,2844,1946
4789,2844,1947
4790,2845,1947
4791,2845,1948
4792,2845,1949
4793,2846,1949
4794,2847,1949
4795,2847,1950
4796,2847,1951
4797,2848,1951
4798,2849,1951
4799,2849,1952
4800,2849,1953
4801,2850,1953
4802,2851,1953
4803,2851,1954
4804,2851,1955
4805,2852,1955
4806,2853,1955
4807,2854,1955
4808,2855,1955
4809,2856,1955
4810,2857,1955
4811,2858,1955
4812,2859,1955
4813,2860,1955
4814,2860,1956
4815,2860,1957
4816,2861,1957
4817,2862,1957
4818,2862,1958
4819,2863,1958
4820,2864,1958
4821,2864,1959
4822,2864,1960
4823,2865,1960
4824,2866,1960
4825,2867,1960
4826,2868,1960
4827,2869,1960
4828,2870,1960
4829,2870,1961
4830,2870,1962
4831,2871,1962
4832,2872,1962
4833,2873,1962
4834,2874,1962
4835,2875,1962
4836,2875,1963
4837,2875,1964
4838,2876,1964
4839,2877,1964
4840,2878,1964
4841,2879,1964
4842,2880,1964
4843,2881,1964
4844,2882,1964
4845,2883,1964
4846,2884,1964
4847,2885,1964
4848,2886,1964
4849,2886,1965
4850,2886,1966
4851,2886,1967
4852,2887,1967
4853,2888,1967
4854,2889,1967
4855,2890,1967
4856,2891,1967
4857,2892,1967
4858,2893,1967
4859,2893,1968
4860,2893,1969
4861,2894,1969
4862,2895,1969
4863,2896,1969
4864,2897,1969
4865,2898,1969
4866,2898,1970
4867,2898,1971
4868,2899,1971
4869,2900,1971
4870,2901,1971
4871,2902,1971
4872,2903,1971
4873,2904,1971
4874,2905,1971
4875,2906,1971
4876,2907,1971
4877,2908,1971
4878,2909,1971
4879,2909,1972
4880,2910,1972
4881,2911,1972
4882,2912,1972
4883,2912,1973
4884,2913,1973
4885,2914,1973
4886,2914,1974
4887,2914,1975
4888,2915,1975
4889,2916,1975
4890,2916,1976
4891,2916,1977
4892,2917,1977
4893,2918,1977
4894,2918,1978
4895,2919,1978
4896,2920,1978
4897,2921,1978
4898,2922,1978
4899,2923,1978
4900,2924,1978
4901,2925,1978
4902,2926,1978
4903,2927,1978
4904,2927,1979
4905,2928,1979
4906,2929,1979
4907,2929,1980
4908,2929,1981
4909,2930,1981
4910,2931,1981
4911,2932,1981
4912,2933,1981
4913,2934,1981
4914,2935,1981
4915,2936,1981
4916,2936,1982
4917,2936,1983
4918,2937,1983
4919,2938,1983
4920,2939,1983
4921,2940,1983
4922,2940,1984
4923,2941,1984
4924,2942,1984
4925,2942,1985
4926,2943,1985
4927,2943,1986
4928,2943,1987
4929,2944,1987
4930,2945,1987
4931,2946,1987
4932,2946,1988
4933,2947,1988
4934,2948,1988
4935,2948,1989
4936,2949,1989
4937,2950,1989
4938,2950,1990
4939,2951,1990
4940,2952,1990
4941,2953,1990
4942,2953,1991
4943,2954,1991
4944,2955,1991
4945,2956,1991
4946,2957,1991
4947,2958,1991
4948,2959,1991
4949,2960,1991
4950,2961,1991
4951,2961,1992
4952,2962,1992
4953,2963,1992
4954,2964,1992
4955,2965,1992
4956,2966,1992
4957,2967,1992
4958,2967,1993
4959,2967,1994
4960,2968,1994
4961,2969,1994
4962,2970,1994
4963,2971,1994
4964,2971,1995
4965,2972,1995
4966,2973,1995
4967,2973,1996
4968,2974,1996
4969,2975,1996
4970,2975,1997
4971,2975,1998
4972,2975,1999
4973,2976,1999
4974,2976,2000
4975,2977,2000
4976,2978,2000
4977,2978,2001
4978,2979,2001
4979,2979,2002
4980,2980,2002
4981,2981,2002
4982,2982,2002
4983,2983,2002
4984,2984,2002
4985,2985,2002
4986,2985,2003
4987,2985,2004
4988,2986,2004
4989,2987,2004
4990,2988,2004
4991,2989,2004
4992,2990,2004
4993,2991,2004
4994,2992,2004
4995,2993,2004
4996,2994,2004
4997,2995,2004
4998,2996,2004
4999,2996,2005
5000,2997,2005
5001,2998,2005
5002,2999,2005
5003,3000,2005
5004,3001,2005
5005,3001,2006
5006,3002,2006
5007,3003,2006
5008,3003,2007
5009,3004,2007
5010,3004,2008
5011,3005,2008
5012,3006,2008
5013,3006,2009
5014,3007,2009
5015,3008,2009
5016,3008,2010
5017,3008,2011
5018,3009,2011
5019,3010,2011
5020,3010,2012
5021,3011,2012
5022,3012,2012
5023,3013,2012
5024,3014,2012
5025,3015,2012
5026,3016,2012
5027,3016,2013
5028,3016,2014
5029,3017,2014
5030,3018,2014
5031,3019,2014
5032,3020,2014
5033,3020,2015
5034,3021,2015
5035,3022,2015
5036,3023,2015
5037,3024,2015
5038,3025,2015
5039,3026,2015
5040,3026,2016
5041,3027,2016
5042,3028,2016
5043,3029,2016
5044,3030,2016
5045,3031,2016
5046,3031,2017
5047,3032,2017
5048,3033,2017
5049,3034,2017
5050,3034,2018
5051,3034,2019
5052,3035,2019
5053,3036,2019
5054,3037,2019
5055,3038,2019
5056,3039,2019
5057,3039,2020
5058,3040,2020
5059,3041,2020
5060,3042,2020
5061,3043,2020
5062,3044,2020
5063,3044,2021
5064,3044,2022
5065,3045,2022
5066,3046,2022
5067,3046,2023
5068,3047,2023
5069,3048,2023
5070,3049,2023
5071,3050,2023
5072,3051,2023
5073,3052,2023
5074,3053,2023
5075,3054,2023
5076,3055,2023
5077,3056,2023
5078,3057,2023
5079,3058,2023
5080,3059,2023
5081,3060,2023
5082,3061,2023
5083,3062,2023
5084,3062,2024
5085,3062,2025
5086,3063,2025
5087,3064,2025
5088,3065,2025
5089,3066,2025
5090,3067,2025
5091,3068,2025
5092,3069,2025
5093,3070,2025
5094,3070,2026
5095,3071,2026
5096,3072,2026
5097,3073,2026
5098,3074,2026
5099,3075,2026
5100,3075,2027
5101,3075,2028
5102,3076,2028
5103,3077,2028
5104,3078,2028
5105,3079,2028
5106,3080,2028
5107,3081,2028
5108,3082,2028
5109,3083,2028
5110,3084,2028
5111,3085,2028
5112,3085,2029
5113,3085,2030
5114,3086,2030
5115,3087,2030
5116,3087,2031
5117,3087,2032
5118,3088,2032
5119,3089,2032
5120,3090,2032
5121,3091,2032
5122,3092,2032
5123,3093,2032
5124,3094,2032
5125,3095,2032
5126,3096,2032
5127,3097,2032
5128,3098,2032
5129,3099,2032
5130,3100,2032
5131,3101,2032
5132,3101,2033
5133,3101,2034
5134,3102,2034
5135,3103,2034
5136,3104,2034
5137,3105,2034
5138,3106,2034
5139,3107,2034
5140,3108,2034
5141,3109,2034
5142,3110,2034
5143,3111,2034
5144,3112,2034
5145,3113,2034
5146,3114,2034
5147,3115,2034
5148,3116,2034
5149,3116,2035
5150,3117,2035
5151,3118,2035
5152,3118,2036
5153,3119,2036
5154,3120,2036
5155,3120,2037
5156,3120,2038
5157,3121,2038
5158,3122,2038
5159,3122,2039
5160,3122,2040
5161,3123,2040
5162,3124,2040
5163,3125,2040
5164,3126,2040
5165,3127,2040
5166,3127,2041
5167,3127,2042
5168,3128,2042
5169,3129,2042
5170,3130,2042
5171,3130,2043
5172,3130,2044
5173,3131,2044
5174,3132,2044
5175,3132,2045
5176,3132,2046
5177,3133,2046
5178,3134,2046
5179,3135,2046
5180,3136,2046
5181,3137,2046
5182,3138,2046
5183,3139,2046
5184,3140,2046
5185,3141,2046
5186,3142,2046
5187,3143,2046
5188,3143,2047
5189,3144,2047
5190,3145,2047
5191,3146,2047
5192,3147,2047
5193,3147,2048
5194,3148,2048
5195,3149,2048
5196,3150,2048
5197,3151,2048
5198,3151,2049
5199,3152,2049
5200,3153,2049
5201,3153,2050
5202,3154,2050
5203,3155,2050
5204,3155,2051
5205,3156,2051
5206,3157,2051
5207,3158,2051
5208,3159,2051
5209,3160,2051
5210,3160,2052
5211,3160,2053
5212,3160,2054
5213,3161,2054
5214,3162,2054
5215,3163,2054
5216,3163,2055
5217,3163,2056
5218,3164,2056
5219,3165,2056
5220,3166,2056
5221,3167,2056
5222,3168,2056
5223,3168,2057
5224,3169,2057
5225,3170,2057
5226,3170,2058
5227,3170,2059
5228,3171,2059
5229,3172,2059
5230,3173,2059
5231,3174,2059
5232,3175,2059
5233,3176,2059
5234,3177,2059
5235,3178,2059
5236,3179,2059
5237,3180,2059
5238,3181,2059
5239,3182,2059
5240,3183,2059
5241,3183,2060
5242,3184,2060
5243,3185,2060
5244,3185,2061
5245,3186,2061
5246,3186,2062
5247,3187,2062
5248,3188,2062
5249,3189,2062
5250,3190,2062
5251,3191,2062
5252,3191,2063
5253,3191,2064
5254,3192,2064
5255,3193,2064
5256,3194,2064
5257,3195,2064
5258,3196,2064
5259,3197,2064
5260,3198,2064
5261,3199,2064
5262,3200,2064
5263,3200,2065
5264,3201,2065
5265,3202,2065
5266,3203,2065
5267,3203,2066
5268,3204,2066
5269,3205,2066
5270,3206,2066
5271,3207,2066
5272,3207,2067
5273,3208,2067
5274,3209,2067
5275,3210,2067
5276,3211,2067
5277,3212,2067
5278,3213,2067
5279,3213,2068
5280,3213,2069
5281,3214,2069
5282,3215,2069
5283,3216,2069
5284,3217,2069
5285,3218,2069
5286,3218,2070
5287,3219,2070
5288,3220,2070
5289,3220,2071
5290,3221,2071
5291,3222,2071
5292,3222,2072
5293,3222,2073
5294,3223,2073
5295,3224,2073
5296,3225,2073
5297,3226,2073
5298,3226,2074
5299,3227,2074
5300,3227,2075
5301,3228,2075
5302,3228,2076
5303,3228,2077
5304,3229,2077
5305,3230,2077
5306,3230,2078
5307,3231,2078
5308,3231,2079
5309,3231,2080
5310,3232,2080
5311,3233,2080
5312,3233,2081
5313,3233,2082
5314,3234,2082
5315,3235,2082
5316,3235,2083
5317,3235,2084
5318,3236,2084
5319,3237,2084
5320,3238,2084
5321,3239,2084
5322,3240,2084
5323,3240,2085
5324,3240,2086
5325,3241,2086
5326,3242,2086
5327,3243,2086
5328,3244,2086
5329,3245,2086
5330,3246,2086
5331,3246,2087
5332,3247,2087
5333,3248,2087
5334,3249,2087
5335,3250,2087
5336,3251,2087
5337,3252,2087
5338,3253,2087
5339,3254,2087
5340,3255,2087
5341,3256,2087
5342,3256,2088
5343,3256,2089
5344,3257,2089
5345,3257,2090
5346,3258,2090
5347,3259,2090
5348,3259,2091
5349,3260,2091
5350,3261,2091
5351,3261,2092
5352,3261,2093
5353,3262,2093
5354,3263,2093
5355,3264,2093
5356,3265,2093
5357,3266,2093
5358,3267,2093
5359,3268,2093
5360,3269,2093
5361,3269,2094
5362,3269,2095
5363,3269,2096
5364,3270,2096
5365,3270,2097
5366,3271,2097
5367,3272,2097
5368,3272,2098
5369,3272,2099
5370,3273,2099
5371,3274,2099
5372,3275,2099
5373,3276,2099
5374,3277,2099
5375,3277,2100
5376,3278,2100
5377,3279,2100
5378,3280,2100
5379,3281,2100
5380,3281,2101
5381,3282,2101
5382,3283,2101
5383,3284,2101
5384,3285,2101
5385,3286,2101
5386,3287,2101
5387,3288,2101
5388,3289,2101
5389,3290,2101
5390,3291,2101
5391,3292,2101
5392,3293,2101
5393,3294,2101
5394,3295,2101
5395,3295,2102
5396,3295,2103
5397,3296,2103
5398,3297,2103
5399,3297,2104
5400,3297,2105
5401,3297,2106
5402,3298,2106
5403,3299,2106
5404,3299,2107
5405,3299,2108
5406,3299,2109
5407,3300,2109
5408,3301,2109
5409,3302,2109
5410,3303,2109
5411,3304,2109
5412,3305,2109
5413,3306,2109
5414,3307,2109
5415,3308,2109
5416,3309,2109
5417,3310,2109
5418,3311,2109
5419,3312,2109
5420,3313,2109
5421,3314,2109
5422,3315,2109
5423,3316,2109
5424,3317,2109
5425,3318,2109
5426,3318,2110
5427,3318,2111
5428,3318,2112
5429,3318,2113
5430,3318,2114
5431,3319,2114
5432,3320,2114
5433,3321,2114
5434,3322,2114
5435,3323,2114
5436,3324,2114
5437,3325,2114
5438,3326,2114
5439,3326,2115
5440,3327,2115
5441,3328,2115
5442,3328,2116
5443,3329,2116
5444,3330,2116
5445,3330,2117
5446,3331,2117
5447,3332,2117
5448,3332,2118
5449,3332,2119
5450,3333,2119
5451,3334,2119
5452,3335,2119
5453,3335,2120
5454,3335,2121
5455,3336,2121
5456,3337,2121
5457,3337,2122
5458,3337,2123
5459,3338,2123
5460,3339,2123
5461,3339,2124
5462,3340,2124
5463,3341,2124
5464,3341,2125
5465,3342,2125
5466,3343,2125
5467,3343,2126
5468,3343,2127
5469,3344,2127
5470,3345,2127
5471,3346,2127
5472,3347,2127
5473,3347,2128
5474,3348,2128
5475,3349,2128
5476,3349,2129
5477,3349,2130
5478,3350,2130
5479,3351,2130
5480,3352,2130
5481,3353,2130
5482,3354,2130
5483,3355,2130
5484,3356,2130
5485,3357,2130
5486,3358,2130
5487,3359,2130
5488,3360,2130
5489,3360,2131
5490,3361,2131
5491,3362,2131
5492,3362,2132
5493,3362,2133
5494,3363,2133
5495,3364,2133
5496,3365,2133
5497,3366,2133
5498,3366,2134
5499,3367,2134
5500,3368,2134
5501,3369,2134
5502,3369,2135
5503,3369,2136
5504,3370,2136
5505,3371,2136
5506,3372,2136
5507,3373,2136
5508,3374,2136
5509,3375,2136
5510,3376,2136
5511,3377,2136
5512,3378,2136
5513,3379,2136
5514,3379,2137
5515,3379,2138
5516,3380,2138
5517,3381,2138
5518,3382,2138
5519,3382,2139
5520,3382,2140
5521,3383,2140
5522,3384,2140
5523,3385,2140
5524,3386,2140
5525,3387,2140
5526,3388,2140
5527,3389,2140
5528,3390,2140
5529,3390,2141
5530,3390,2142
5531,3391,2142
5532,3392,2142
5533,3393,2142
5534,3394,2142
5535,3394,2143
5536,3395,2143
5537,3396,2143
5538,3397,2143
5539,3397,2144
5540,3398,2144
5541,3399,2144
5542,3400,2144
5543,3401,2144
5544,3401,2145
5545,3402,2145
5546,3403,2145
5547,3403,2146
5548,3403,2147
5549,3404,2147
5550,3405,2147
5551,3406,2147
5552,3406,2148
5553,3406,2149
5554,3406,2150
5555,3407,2150
5556,3408,2150
5557,3408,2151
5558,3408,2152
5559,3409,2152
5560,3410,2152
5561,3410,2153
5562,3411,2153
5563,3412,2153
5564,3412,2154
5565,3413,2154
5566,3414,2154
5567,3414,2155
5568,3414,2156
5569,3415,2156
5570,3416,2156
5571,3416,2157
5572,3416,2158
5573,3417,2158
5574,3418,2158
5575,3419,2158
5576,3419,2159
5577,3419,2160
5578,3419,2161
5579,3420,2161
5580,3421,2161
5581,3422,2161
5582,3423,2161
5583,3423,2162
5584,3423,2163
5585,3424,2163
5586,3425,2163
5587,3425,2164
5588,3425,2165
5589,3426,2165
5590,3427,2165
5591,3428,2165
5592,3428,2166
5593,3428,2167
5594,3429,2167
5595,3430,2167
5596,3431,2167
5597,3432,2167
5598,3433,2167
5599,3434,2167
5600,3435,2167
5601,3436,2167
5602,3437,2167
5603,3438,2167
5604,3439,2167
5605,3440,2167
5606,3440,2168
5607,3441,2168
5608,3442,2168
5609,3442,2169
5610,3442,2170
5611,3443,2170
5612,3444,2170
5613,3444,2171
5614,3444,2172
5615,3445,2172
5616,3446,2172
5617,3446,2173
5618,3446,2174
5619,3447,2174
5620,3448,2174
5621,3448,2175
5622,3448,2176
5623,3449,2176
5624,3450,2176
5625,3450,2177
5626,3450,2178
5627,3451,2178
5628,3451,2179
5629,3452,2179
5630,3453,2179
5631,3454,2179
5632,3455,2179
5633,3456,2179
5634,3456,2180
5635,3456,2181
5636,3456,2182
5637,3456,2183
5638,3457,2183
5639,3458,2183
5640,3458,2184
5641,3459,2184
5642,3460,2184
5643,3460,2185
5644,3460,2186
5645,3460,2187
5646,3461,2187
5647,3462,2187
5648,3463,2187
5649,3463,2188
5650,3463,2189
5651,3464,2189
5652,3465,2189
5653,3466,2189
5654,3467,2189
5655,3468,2189
5656,3469,2189
5657,3470,2189
5658,3470,2190
5659,3470,2191
5660,3470,2192
5661,3471,2192
5662,3472,2192
5663,3472,2193
5664,3472,2194
5665,3473,2194
5666,3474,2194
5667,3475,2194
5668,3476,2194
5669,3477,2194
5670,3478,2194
5671,3479,2194
5672,3480,2194
5673,3480,2195
5674,3481,2195
5675,3482,2195
5676,3482,2196
5677,3482,2197
5678,3483,2197
5679,3484,2197
5680,3485,2197
5681,3486,2197
5682,3487,2197
5683,3487,2198
5684,3488,2198
5685,3489,2198
5686,3490,2198
5687,3491,2198
5688,3492,2198
5689,3492,2199
5690,3493,2199
5691,3494,2199
5692,3494,2200
5693,3495,2200
5694,3496,2200
5695,3497,2200
5696,3497,2201
5697,3497,2202
5698,3498,2202
5699,3499,2202
5700,3500,2202
5701,3501,2202
5702,3501,2203
5703,3502,2203
5704,3503,2203
5705,3504,2203
5706,3505,2203
5707,3506,2203
5708,3507,2203
5709,3508,2203
5710,3509,2203
5711,3509,2204
5712,3510,2204
5713,3511,2204
5714,3512,2204
5715,3513,2204
5716,3513,2205
5717,3514,2205
5718,3515,2205
5719,3515,2206
5720,3515,2207
5721,3516,2207
5722,3517,2207
5723,3517,2208
5724,3518,2208
5725,3519,2208
5726,3519,2209
5727,3519,2210
5728,3520,2210
5729,3520,2211
5730,3520,2212
5731,3520,2213
5732,3521,2213
5733,3522,2213
5734,3523,2213
5735,3524,2213
5736,3524,2214
5737,3525,2214
5738,3526,2214
5739,3526,2215
5740,3527,2215
5741,3528,2215
5742,3529,2215
5743,3530,2215
5744,3531,2215
5745,3532,2215
5746,3533,2215
5747,3534,2215
5748,3535,2215
5749,3535,2216
5750,3536,2216
5751,3537,2216
5752,3538,2216
5753,3539,2216
5754,3540,2216
5755,3540,2217
5756,3540,2218
5757,3541,2218
5758,3542,2218
5759,3542,2219
5760,3542,2220
5761,3543,2220
5762,3544,2220
5763,3545,2220
5764,3546,2220
5765,3546,2221
5766,3547,2221
5767,3548,2221
5768,3548,2222
5769,3549,2222
5770,3550,2222
5771,3551,2222
5772,3551,2223
5773,3551,2224
5774,3552,2224
5775,3552,2225
5776,3553,2225
5777,3554,2225
5778,3555,2225
5779,3556,2225
5780,3556,2226
5781,3556,2227
5782,3557,2227
5783,3558,2227
5784,3558,2228
5785,3559,2228
5786,3560,2228
5787,3560,2229
5788,3560,2230
5789,3560,2231
5790,3560,2232
5791,3561,2232
5792,3561,2233
5793,3562,2233
5794,3563,2233
5795,3564,2233
5796,3565,2233
5797,3566,2233
5798,3566,2234
5799,3567,2234
5800,3568,2234
5801,3568,2235
5802,3569,2235
5803,3570,2235
5804,3571,2235
5805,3572,2235
5806,3572,2236
5807,3573,2236
5808,3573,2237
5809,3574,2237
5810,3574,2238
5811,3574,2239
5812,3574,2240
5813,3575,2240
5814,3576,2240
5815,3577,2240
5816,3577,2241
5817,3578,2241
5818,3579,2241
5819,3580,2241
5820,3580,2242
5821,3581,2242
5822,3582,2242
5823,3583,2242
5824,3584,2242
5825,3585,2242
5826,3585,2243
5827,3586,2243
5828,3586,2244
5829,3587,2244
5830,3588,2244
5831,3588,2245
5832,3589,2245
5833,3589,2246
5834,3590,2246
5835,3590,2247
5836,3591,2247
5837,3592,2247
5838,3592,2248
5839,3592,2249
5840,3592,2250
5841,3592,2251
5842,3593,2251
5843,3594,2251
5844,3595,2251
5845,3595,2252
5846,3596,2252
5847,3596,2253
5848,3597,2253
5849,3598,2253
5850,3598,2254
5851,3599,2254
5852,3599,2255
5853,3600,2255
5854,3601,2255
5855,3602,2255
5856,3603,2255
5857,3604,2255
5858,3604,2256
5859,3605,2256
5860,3606,2256
5861,3606,2257
5862,3606,2258
5863,3607,2258
5864,3608,2258
5865,3609,2258
5866,3609,2259
5867,3610,2259
5868,3611,2259
5869,3611,2260
5870,3611,2261
5871,3612,2261
5872,3613,2261
5873,3613,2262
5874,3614,2262
5875,3614,2263
5876,3614,2264
5877,3614,2265
5878,3615,2265
5879,3616,2265
5880,3617,2265
5881,3618,2265
5882,3618,2266
5883,3618,2267
5884,3619,2267
5885,3619,2268
5886,3620,2268
5887,3620,2269
5888,3621,2269
5889,3621,2270
5890,3621,2271
5891,3622,2271
5892,3623,2271
5893,3623,2272
5894,3623,2273
5895,3624,2273
5896,3624,2274
5897,3625,2274
5898,3625,2275
5899,3626,2275
5900,3626,2276
5901,3627,2276
5902,3628,2276
5903,3628,2277
5904,3628,2278
5905,3629,2278
5906,3629,2279
5907,3630,2279
5908,3631,2279
5909,3631,2280
5910,3631,2281
5911,3631,2282
5912,3631,2283
5913,3631,2284
5914,3632,2284
5915,3633,2284
5916,3633,2285
5917,3634,2285
5918,3634,2286
5919,3635,2286
5920,3635,2287
5921,3636,2287
5922,3636,2288
5923,3637,2288
5924,3638,2288
5925,3638,2289
5926,3638,2290
5927,3638,2291
5928,3638,2292
5929,3639,2292
5930,3640,2292
5931,3640,2293
5932,3641,2293
5933,3642,2293
5934,3643,2293
5935,3643,2294
5936,3643,2295
5937,3644,2295
5938,3645,2295
5939,3645,2296
5940,3646,2296
5941,3647,2296
5942,3647,2297
5943,3647,2298
5944,3647,2299
5945,3647,2300
5946,3648,2300
5947,3648,2301
5948,3649,2301
5949,3650,2301
5950,3650,2302
5951,3651,2302
5952,3651,2303
5953,3652,2303
5954,3653,2303
5955,3654,2303
5956,3654,2304
5957,3655,2304
5958,3656,2304
5959,3657,2304
5960,3657,2305
5961,3657,2306
5962,3658,2306
5963,3659,2306
5964,3660,2306
5965,3660,2307
5966,3661,2307
5967,3661,2308
5968,3661,2309
5969,3662,2309
5970,3663,2309
5971,3664,2309
5972,3665,2309
5973,3666,2309
5974,3666,2310
5975,3667,2310
5976,3668,2310
5977,3668,2311
5978,3669,2311
5979,3670,2311
5980,3670,2312
5981,3671,2312
5982,3671,2313
5983,3672,2313
5984,3672,2314
5985,3673,2314
5986,3673,2315
5987,3674,2315
5988,3674,2316
5989,3674,2317
5990,3675,2317
5991,3675,2318
5992,3675,2319
5993,3675,2320
5994,3675,2321
5995,3675,2322
5996,3675,2323
5997,3676,2323
5998,3676,2324
5999,3677,2324
6000,3678,2324
6001,3679,2324
6002,3680,2324
6003,3680,2325
6004,3681,2325
6005,3682,2325
6006,3683,2325
6007,3684,2325
6008,3685,2325
6009,3685,2326
6010,3686,2326
6011,3687,2326
6012,3688,2326
6013,3688,2327
6014,3688,2328
6015,3689,2328
6016,3690,2328
6017,3690,2329
6018,3690,2330
6019,3691,2330
6020,3692,2330
6021,3692,2331
6022,3692,2332
6023,3693,2332
6024,3694,2332
6025,3694,2333
6026,3694,2334
6027,3695,2334
6028,3696,2334
6029,3697,2334
6030,3697,2335
6031,3698,2335
6032,3699,2335
6033,3699,2336
6034,3700,2336
6035,3701,2336
6036,3701,2337
6037,3702,2337
6038,3703,2337
6039,3704,2337
6040,3704,2338
6041,3705,2338
6042,3705,2339
6043,3705,2340
6044,3705,2341
6045,3706,2341
6046,3707,2341
6047,3708,2341
6048,3709,2341
6049,3710,2341
6050,3711,2341
6051,3711,2342
6052,3711,2343
6053,3711,2344
6054,3712,2344
6055,3713,2344
6056,3713,2345
6057,3714,2345
6058,3714,2346
6059,3715,2346
6060,3716,2346
6061,3717,2346
6062,3717,2347
6063,3718,2347
6064,3719,2347
6065,3719,2348
6066,3720,2348
6067,3721,2348
6068,3721,2349
6069,3722,2349
6070,3723,2349
6071,3724,2349
6072,3725,2349
6073,3725,2350
6074,3726,2350
6075,3726,2351
6076,3726,2352
6077,3727,2352
6078,3727,2353
6079,3728,2353
6080,3729,2353
6081,3730,2353
6082,3730,2354
6083,3730,2355
6084,3731,2355
6085,3731,2356
6086,3732,2356
6087,3733,2356
6088,3733,2357
6089,3733,2358
6090,3733,2359
6091,3733,2360
6092,3733,2361
6093,3734,2361
6094,3734,2362
6095,3734,2363
6096,3734,2364
6097,3734,2365
6098,3734,2366
6099,3735,2366
6100,3736,2366
6101,3737,2366
6102,3738,2366
6103,3739,2366
6104,3739,2367
6105,3739,2368
6106,3740,2368
6107,3741,2368
6108,3742,2368
6109,3743,2368
6110,3743,2369
6111,3743,2370
6112,3743,2371
6113,3743,2372
6114,3743,2373
6115,3743,2374
6116,3744,2374
6117,3744,2375
6118,3744,2376
6119,3744,2377
6120,3744,2378
6121,3745,2378
6122,3746,2378
6123,3747,2378
6124,3748,2378
6125,3749,2378
6126,3749,2379
6127,3750,2379
6128,3750,2380
6129,3751,2380
6130,3752,2380
6131,3753,2380
6132,3753,2381
6133,3754,2381
6134,3755,2381
6135,3755,2382
6136,3755,2383
6137,3756,2383
6138,3756,2384
6139,3756,2385
6140,3757,2385
6141,3758,2385
6142,3759,2385
6143,3759,2386
6144,3760,2386
6145,3760,2387
6146,3761,2387
6147,3761,2388
6148,3761,2389
6149,3762,2389
6150,3762,2390
6151,3763,2390
6152,3763,2391
6153,3763,2392
6154,3763,2393
6155,3764,2393
6156,3765,2393
6157,3765,2394
6158,3765,2395
6159,3766,2395
6160,3767,2395
6161,3767,2396
6162,3767,2397
6163,3767,2398
6164,3767,2399
6165,3768,2399
6166,3768,2400
6167,3768,2401
6168,3768,2402
6169,3769,2402
6170,3769,2403
6171,3770,2403
6172,3771,2403
6173,3771,2404
6174,3771,2405
6175,3771,2406
6176,3772,2406
6177,3773,2406
6178,3774,2406
6179,3774,2407
6180,3774,2408
6181,3774,2409
6182,3774,2410
6183,3774,2411
6184,3775,2411
6185,3775,2412
6186,3775,2413
6187,3776,2413
6188,3776,2414
6189,3777,2414
6190,3778,2414
6191,3779,2414
6192,3779,2415
6193,3779,2416
6194,3779,2417
6195,3780,2417
6196,3781,2417
6197,3782,2417
6198,3782,2418
6199,3782,2419
6200,3783,2419
6201,3783,2420
6202,3784,2420
6203,3785,2420
6204,3786,2420
6205,3786,2421
6206,3786,2422
6207,3787,2422
6208,3787,2423
6209,3788,2423
6210,3789,2423
6211,3790,2423
6212,3790,2424
6213,3790,2425
6214,3791,2425
6215,3792,2425
6216,3793,2425
6217,3793,2426
6218,3794,2426
6219,3794,2427
6220,3795,2427
6221,3796,2427
6222,3797,2427
6223,3798,2427
6224,3798,2428
6225,3799,2428
6226,3799,2429
6227,3800,2429
6228,3801,2429
6229,3802,2429
6230,3802,2430
6231,3803,2430
6232,3803,2431
6233,3803,2432
6234,3804,2432
6235,3805,2432
6236,3805,2433
6237,3806,2433
6238,3807,2433
6239,3808,2433
6240,3809,2433
6241,3810,2433
6242,3811,2433
6243,3811,2434
6244,3811,2435
6245,3811,2436
6246,3812,2436
6247,3812,2437
6248,3813,2437
6249,3813,2438
6250,3814,2438
6251,3815,2438
6252,3816,2438
6253,3816,2439
6254,3817,2439
6255,3818,2439
6256,3818,2440
6257,3819,2440
6258,3819,2441
6259,3820,2441
6260,3821,2441
6261,3821,2442
6262,3821,2443
6263,3822,2443
6264,3823,2443
6265,3823,2444
6266,3823,2445
6267,3824,2445
6268,3824,2446
6269,3825,2446
6270,3825,2447
6271,3826,2447
6272,3827,2447
6273,3827,2448
6274,3828,2448
6275,3828,2449
6276,3829,2449
6277,3830,2449
6278,3831,2449
6279,3832,2449
6280,3832,2450
6281,3832,2451
6282,3833,2451
6283,3833,2452
6284,3833,2453
6285,3834,2453
6286,3834,2454
6287,3835,2454
6288,3835,2455
6289,3836,2455
6290,3837,2455
6291,3838,2455
6292,3839,2455
6293,3839,2456
6294,3839,2457
6295,3839,2458
6296,3839,2459
6297,3840,2459
6298,3841,2459
6299,3841,2460
6300,3842,2460
6301,3842,2461
6302,3843,2461
6303,3843,2462
6304,3844,2462
6305,3845,2462
6306,3846,2462
6307,3847,2462
6308,3848,2462
6309,3849,2462
6310,3850,2462
6311,3851,2462
6312,3852,2462
6313,3853,2462
6314,3854,2462
6315,3854,2463
6316,3855,2463
6317,3856,2463
6318,3857,2463
6319,3858,2463
6320,3858,2464
6321,3859,2464
6322,3859,2465
6323,3859,2466
6324,3859,2467
6325,3859,2468
6326,3859,2469
6327,3860,2469
6328,3860,2470
6329,3861,2470
6330,3861,2471
6331,3861,2472
6332,3862,2472
6333,3862,2473
6334,3863,2473
6335,3863,2474
6336,3864,2474
6337,3865,2474
6338,3866,2474
6339,3866,2475
6340,3867,2475
6341,3867,2476
6342,3868,2476
6343,3868,2477
6344,3868,2478
6345,3868,2479
6346,3869,2479
6347,3870,2479
6348,3871,2479
6349,3871,2480
6350,3872,2480
6351,3872,2481
6352,3872,2482
6353,3873,2482
6354,3873,2483
6355,3873,2484
6356,3873,2485
6357,3874,2485
6358,3875,2485
6359,3875,2486
6360,3876,2486
6361,3876,2487
6362,3876,2488
6363,3877,2488
6364,3878,2488
6365,3878,2489
6366,3879,2489
6367,3879,2490
6368,3880,2490
6369,3881,2490
6370,3882,2490
6371,3883,2490
6372,3883,2491
6373,3884,2491
6374,3885,2491
6375,3886,2491
6376,3887,2491
6377,3887,2492
6378,3888,2492
6379,3889,2492
6380,3889,2493
6381,3889,2494
6382,3890,2494
6383,3890,2495
6384,3890,2496
6385,3891,2496
6386,3892,2496
6387,3893,2496
6388,3894,2496
6389,3894,2497
6390,3895,2497
6391,3896,2497
6392,3897,2497
6393,3898,2497
6394,3899,2497
6395,3900,2497
6396,3901,2497
6397,3901,2498
6398,3902,2498
6399,3903,2498
6400,3903,2499
6401,3903,2500
6402,3904,2500
6403,3905,2500
6404,3905,2501
6405,3906,2501
6406,3906,2502
6407,3907,2502
6408,3908,2502
6409,3909,2502
6410,3909,2503
6411,3909,2504
6412,3909,2505
6413,3910,2505
6414,3911,2505
6415,3911,2506
6416,3912,2506
6417,3913,2506
6418,3913,2507
6419,3914,2507
6420,3915,2507
6421,3916,2507
6422,3916,2508
6423,3917,2508
6424,3918,2508
6425,3918,2509
6426,3919,2509
6427,3920,2509
6428,3921,2509
6429,3921,2510
6430,3922,2510
6431,3922,2511
6432,3922,2512
6433,3922,2513
6434,3923,2513
6435,3923,2514
6436,3924,2514
6437,3925,2514
6438,3926,2514
6439,3927,2514
6440,3927,2515
6441,3928,2515
6442,3929,2515
6443,3930,2515
6444,3930,2516
6445,3931,2516
6446,3931,2517
6447,3932,2517
6448,3933,2517
6449,3933,2518
6450,3934,2518
6451,3935,2518
6452,3936,2518
6453,3936,2519
6454,3937,2519
6455,3937,2520
6456,3938,2520
6457,3938,2521
6458,3939,2521
6459,3939,2522
6460,3940,2522
6461,3940,2523
6462,3940,2524
6463,3940,2525
6464,3940,2526
6465,3940,2527
6466,3941,2527
6467,3942,2527
6468,3942,2528
6469,3943,2528
6470,3944,2528
6471,3945,2528
6472,3945,2529
6473,3945,2530
6474,3946,2530
6475,3946,2531
6476,3947,2531
6477,3948,2531
6478,3949,2531
6479,3949,2532
6480,3950,2532
6481,3951,2532
6482,3951,2533
6483,3952,2533
6484,3953,2533
6485,3954,2533
6486,3955,2533
6487,3956,2533
6488,3957,2533
6489,3958,2533
6490,3959,2533
6491,3960,2533
6492,3960,2534
6493,3961,2534
6494,3962,2534
6495,3963,2534
6496,3963,2535
6497,3964,2535
6498,3965,2535
6499,3965,2536
6500,3965,2537
6501,3965,2538
6502,3965,2539
6503,3965,2540
6504,3965,2541
6505,3966,2541
6506,3967,2541
6507,3968,2541
6508,3968,2542
6509,3968,2543
6510,3968,2544
6511,3968,2545
6512,3969,2545
6513,3969,2546
6514,3970,2546
6515,3971,2546
6516,3971,2547
6517,3972,2547
6518,3972,2548
6519,3972,2549
6520,3973,2549
6521,3974,2549
6522,3975,2549
6523,3976,2549
6524,3977,2549
6525,3978,2549
6526,3979,2549
6527,3979,2550
6528,3979,2551
6529,3979,2552
6530,3980,2552
6531,3981,2552
6532,3982,2552
6533,3983,2552
6534,3983,2553
6535,3984,2553
6536,3984,2554
6537,3984,2555
6538,3984,2556
6539,3984,2557
6540,3985,2557
6541,3985,2558
6542,3986,2558
6543,3986,2559
6544,3987,2559
6545,3987,2560
6546,3987,2561
6547,3988,2561
6548,3989,2561
6549,3990,2561
6550,3991,2561
6551,3992,2561
6552,3993,2561
6553,3994,2561
6554,3994,2562
6555,3994,2563
6556,3994,2564
6557,3995,2564
6558,3995,2565
6559,3996,2565
6560,3997,2565
6561,3997,2566
6562,3997,2567
6563,3997,2568
6564,3997,2569
6565,3997,2570
6566,3997,2571
6567,3998,2571
6568,3998,2572
6569,3998,2573
6570,3999,2573
6571,3999,2574
6572,4000,2574
6573,4001,2574
6574,4001,2575
6575,4001,2576
6576,4001,2577
6577,4001,2578
6578,4001,2579
6579,4001,2580
6580,4002,2580
6581,4003,2580
6582,4004,2580
6583,4004,2581
6584,4005,2581
6585,4006,2581
6586,4006,2582
6587,4007,2582
6588,4007,2583
6589,4008,2583
6590,4008,2584
6591,4008,2585
6592,4009,2585
6593,4010,2585
6594,4011,2585
6595,4011,2586
6596,4012,2586
6597,4012,2587
6598,4012,2588
6599,4013,2588
6600,4014,2588
6601,4015,2588
6602,4016,2588
6603,4016,2589
6604,4017,2589
6605,4017,2590
6606,4018,2590
6607,4018,2591
6608,4019,2591
6609,4019,2592
6610,4020,2592
6611,4020,2593
6612,4021,2593
6613,4022,2593
6614,4023,2593
6615,4024,2593
6616,4024,2594
6617,4024,2595
6618,4024,2596
6619,4024,2597
6620,4024,2598
6621,4025,2598
6622,4026,2598
6623,4027,2598
6624,4028,2598
6625,4029,2598
6626,4029,2599
6627,4029,2600
6628,4029,2601
6629,4030,2601
6630,4031,2601
6631,4032,2601
6632,4032,2602
6633,4033,2602
6634,4034,2602
6635,4035,2602
6636,4035,2603
6637,4035,2604
6638,4035,2605
6639,4035,2606
6640,4036,2606
6641,4036,2607
6642,4036,2608
6643,4036,2609
6644,4037,2609
6645,4038,2609
6646,4039,2609
6647,4040,2609
6648,4041,2609
6649,4042,2609
6650,4043,2609
6651,4043,2610
6652,4043,2611
6653,4043,2612
6654,4043,2613
6655,4043,2614
6656,4043,2615
6657,4044,2615
6658,4045,2615
6659,4045,2616
6660,4046,2616
6661,4047,2616
6662,4048,2616
6663,4049,2616
6664,4050,2616
6665,4050,2617
6666,4050,2618
6667,4050,2619
6668,4050,2620
6669,4051,2620
6670,4052,2620
6671,4052,2621
6672,4052,2622
6673,4052,2623
6674,4052,2624
6675,4053,2624
6676,4054,2624
6677,4055,2624
6678,4056,2624
6679,4057,2624
6680,4058,2624
6681,4058,2625
6682,4059,2625
6683,4059,2626
6684,4059,2627
6685,4060,2627
6686,4061,2627
6687,4062,2627
6688,4062,2628
6689,4063,2628
6690,4063,2629
6691,4063,2630
6692,4063,2631
6693,4064,2631
6694,4064,2632
6695,4064,2633
6696,4064,2634
6697,4065,2634
6698,4065,2635
6699,4065,2636
6700,4066,2636
6701,4066,2637
6702,4067,2637
6703,4068,2637
6704,4069,2637
6705,4070,2637
6706,4070,2638
6707,4071,2638
6708,4072,2638
6709,4073,2638
6710,4073,2639
6711,4074,2639
6712,4075,2639
6713,4076,2639
6714,4077,2639
6715,4078,2639
6716,4078,2640
6717,4079,2640
6718,4079,2641
6719,4080,2641
6720,4081,2641
6721,4081,2642
6722,4082,2642
6723,4082,2643
6724,4083,2643
6725,4084,2643
6726,4084,2644
6727,4085,2644
6728,4085,2645
6729,4086,2645
6730,4087,2645
6731,4087,2646
6732,4087,2647
6733,4087,2648
6734,4087,2649
6735,4087,2650
6736,4088,2650
6737,4089,2650
6738,4090,2650
6739,4090,2651
6740,4090,2652
6741,4091,2652
6742,4091,2653
6743,4092,2653
6744,4093,2653
6745,4094,2653
6746,4094,2654
6747,4095,2654
6748,4095,2655
6749,4096,2655
6750,4097,2655
6751,4098,2655
6752,4098,2656
6753,4099,2656
6754,4099,2657
6755,4099,2658
6756,4100,2658
6757,4101,2658
6758,4102,2658
6759,4103,2658
6760,4103,2659
6761,4104,2659
6762,4105,2659
6763,4106,2659
6764,4106,2660
6765,4107,2660
6766,4108,2660
6767,4108,2661
6768,4109,2661
6769,4109,2662
6770,4109,2663
6771,4110,2663
6772,4110,2664
6773,4110,2665
6774,4111,2665
6775,4111,2666
6776,4112,2666
6777,4112,2667
6778,4112,2668
6779,4113,2668
6780,4114,2668
6781,4114,2669
6782,4114,2670
6783,4114,2671
6784,4114,2672
6785,4115,2672
6786,4115,2673
6787,4116,2673
6788,4116,2674
6789,4117,2674
6790,4118,2674
6791,4119,2674
6792,4120,2674
6793,4121,2674
6794,4122,2674
6795,4123,2674
6796,4123,2675
6797,4123,2676
6798,4124,2676
6799,4125,2676
6800,4125,2677
6801,4126,2677
6802,4127,2677
6803,4128,2677
6804,4128,2678
6805,4129,2678
6806,4129,2679
6807,4129,2680
6808,4130,2680
6809,4130,2681
6810,4130,2682
6811,4130,2683
6812,4130,2684
6813,4131,2684
6814,4131,2685
6815,4131,2686
6816,4131,2687
6817,4132,2687
6818,4133,2687
6819,4133,2688
6820,4134,2688
6821,4134,2689
6822,4134,2690
6823,4134,2691
6824,4135,2691
6825,4136,2691
6826,4137,2691
6827,4138,2691
6828,4139,2691
6829,4140,2691
6830,4141,2691
6831,4141,2692
6832,4142,2692
6833,4142,2693
6834,4143,2693
6835,4144,2693
6836,4144,2694
6837,4145,2694
6838,4145,2695
6839,4145,2696
6840,4146,2696
6841,4147,2696
6842,4147,2697
6843,4148,2697
6844,4148,2698
6845,4149,2698
6846,4149,2699
6847,4149,2700
6848,4149,2701
6849,4150,2701
6850,4150,2702
6851,4150,2703
6852,4151,2703
6853,4151,2704
6854,4152,2704
6855,4153,2704
6856,4153,2705
6857,4154,2705
6858,4154,2706
6859,4154,2707
6860,4155,2707
6861,4155,2708
6862,4155,2709
6863,4156,2709
6864,4156,2710
6865,4157,2710
6866,4157,2711
6867,4158,2711
6868,4159,2711
6869,4160,2711
6870,4161,2711
6871,4162,2711
6872,4162,2712
6873,4162,2713
6874,4162,2714
6875,4162,2715
6876,4163,2715
6877,4163,2716
6878,4164,2716
6879,4165,2716
6880,4166,2716
6881,4166,2717
6882,4167,2717
6883,4168,2717
6884,4168,2718
6885,4168,2719
6886,4168,2720
6887,4169,2720
6888,4169,2721
6889,4169,2722
6890,4169,2723
6891,4170,2723
6892,4170,2724
6893,4171,2724
6894,4172,2724
6895,4172,2725
6896,4173,2725
6897,4174,2725
6898,4175,2725
6899,4175,2726
6900,4175,2727
6901,4176,2727
6902,4176,2728
6903,4176,2729
6904,4177,2729
6905,4178,2729
6906,4179,2729
6907,4179,2730
6908,4180,2730
6909,4180,2731
6910,4180,2732
6911,4181,2732
6912,4181,2733
6913,4181,2734
6914,4181,2735
6915,4182,2735
6916,4183,2735
6917,4184,2735
6918,4184,2736
6919,4184,2737
6920,4185,2737
6921,4185,2738
6922,4186,2738
6923,4187,2738
6924,4187,2739
6925,4188,2739
6926,4189,2739
6927,4189,2740
6928,4189,2741
6929,4190,2741
6930,4190,2742
6931,4191,2742
6932,4191,2743
6933,4191,2744
6934,4192,2744
6935,4192,2745
6936,4193,2745
6937,4194,2745
6938,4194,2746
6939,4194,2747
6940,4195,2747
6941,4195,2748
6942,4196,2748
6943,4196,2749
6944,4197,2749
6945,4198,2749
6946,4199,2749
6947,4200,2749
6948,4200,2750
6949,4200,2751
6950,4201,2751
6951,4201,2752
6952,4201,2753
6953,4201,2754
6954,4202,2754
6955,4202,2755
6956,4202,2756
6957,4203,2756
6958,4203,2757
6959,4203,2758
6960,4203,2759
6961,4204,2759
6962,4205,2759
6963,4205,2760
6964,4206,2760
6965,4207,2760
6966,4208,2760
6967,4208,2761
6968,4209,2761
6969,4209,2762
6970,4210,2762
6971,4210,2763
